eff4c8f0433301c26cf63b825eca117c	男	24	#一些奇怪的视频#主人太坏了，教会猫咪这个。可是一条不归路啊！记得小时候，有一次洗
d8d6bbbf3754e8c0e89565be9d7a272a	男	24	【集锦】雷霆三分集锦 连进12球平14年前纪录
e1a4ac8a6a0f1bbb6a1615838ec52939	男	24	【一点资讯】普洱现巨型竹节虫 盘点那些大的吓人的虫子
fa1a267aa407f702ac87da494b91e9ca	男	24	勇士vs奇才
3dffb1770f7fb745e286f5c43f72855f	男	22	到时你有空，醉酒
1574f73741a5a0a366e012b196ecbbe8	男	23	韩国各大经济公司看中的迷你版林允儿、IU，有美过本尊吗？
d8aef34278d9d4790fe8d1112dfefccc	男	24	阴阳
618610269735ffe9051c6f9a957e4d9c	男	24	“你把我养这么大，还打我…”六岁女儿哭着跟妈妈讲道理，从头到尾都是亮点！
d03d055202cd409114c97843c66734dd	男	20	“五个特征”证明你不成熟！
57c7356a0073d2805c56fa2366729924	男	24	《神武2》 微信月礼包
57c7356a0073d2805c56fa2366729924	男	24	《神武2》 微信月礼包
20d6b7cc515942b55bc1e814b8eb2c6c	男	24	《乡村爱情》里的“谢飞机”，成了网上最火的小孩_中华网
f462dd72a0afe80446040d95cdcddb6e	男	21	【朝九晚六周末双休】?第一个月什么都不做！轻松保底3500
b0e8a07454baad9fdf7abe7cd6d72030	男	23	【倒计时8天】4
5dd2015b79c4ac0ea7be6dde9fee99a7	男	23	【风行SX6纯正图片】_爱卡汽车
5dd2015b79c4ac0ea7be6dde9fee99a7	男	23	【风行SX6全景内饰图片】_爱卡汽车
5dd2015b79c4ac0ea7be6dde9fee99a7	男	23	【盖世版 2.0TID 自动4G旗舰型】参数配置_爱卡汽车
d03d055202cd409114c97843c66734dd	男	20	【健康】养生有区别，补对才长寿！胖人吃冬瓜，瘦人吃薏米！
d03d055202cd409114c97843c66734dd	男	20	【收藏】20条家庭急救知识
5dd2015b79c4ac0ea7be6dde9fee99a7	男	23	【图文】2.0L 手动尊享型 7座报价_图片_东风风行汽车-爱卡汽车移动版
5dd2015b79c4ac0ea7be6dde9fee99a7	男	23	【图文】2.0T 四驱豪华型报价_图片_比亚迪汽车-爱卡汽车移动版
5dd2015b79c4ac0ea7be6dde9fee99a7	男	23	【图文】2.0T 四驱极速型报价_图片_比亚迪汽车-爱卡汽车移动版
5dd2015b79c4ac0ea7be6dde9fee99a7	男	23	【图文】盖世版 2.0TID 自动4G旗舰型报价_图片_比亚迪汽车-爱卡汽车移动版
f462dd72a0afe80446040d95cdcddb6e	男	21	【微封面】掌上罗田第602期封面人物：姚洁（匡河人）
d03d055202cd409114c97843c66734dd	男	20	【夜读】嫁给一个好好和你说话的人有多重要
5dd2015b79c4ac0ea7be6dde9fee99a7	男	23	【一点资讯】中越战后交换俘虏，七名女兵回国隐姓埋名，越南女兵流泪忏悔
f462dd72a0afe80446040d95cdcddb6e	男	21	【月休10天】?国企内编 均薪4K起  电信大楼办公，工作稳定无压力！
5dd2015b79c4ac0ea7be6dde9fee99a7	男	23	【最新】谁敢卖15万 成都车展中国品牌上市新车_爱卡汽车
c33e68d7321e5e9a6e1c395379c19cd4	男	24	105岁老人全家共96口人 年龄相加达3850
5dd2015b79c4ac0ea7be6dde9fee99a7	男	23	"11,正文页推荐曝光,news"
5dd2015b79c4ac0ea7be6dde9fee99a7	男	23	"11,正文页推荐曝光,society"
eaf106d0b4f89b944d42736a1d1b7c17	男	24	17K小说客户端下载页
eaf106d0b4f89b944d42736a1d1b7c17	男	24	17K小说客户端下载页
e5c283fd209e9ad246b9667df04842dc	男	20	2002年华航空难‘死亡’录音之谜！
b0e8a07454baad9fdf7abe7cd6d72030	男	23	2009025@开拓者vs活塞
b0e8a07454baad9fdf7abe7cd6d72030	男	23	2009028@爵士vs雷霆
d03d055202cd409114c97843c66734dd	男	20	2017年，把这9句话写在你的办公桌上！
d121f6161132654f75947a097f2a3af0	男	24	2017年亚冠联赛
01eaaa4f9d87b590f120bda2415fa434	男	24	2017-中信建投证券新三板投资者交流大会
0741d6899ef2f5ec317695f7e37dd81c	男	23	"20分钟充满电, 魅族55w领衔手机快充"
3a235f926e132947365fac206d3a682e	男	19	20年制上万拐棍
5dd2015b79c4ac0ea7be6dde9fee99a7	男	23	"24,搜狗图文热词,,"
d8d6bbbf3754e8c0e89565be9d7a272a	男	24	"24,搜狗图文热词,,"
0741d6899ef2f5ec317695f7e37dd81c	男	23	451.2万人见证成都用户拆海尔免清洗洗衣机
d03d055202cd409114c97843c66734dd	男	20	50个小细节教你处理好人际关系
20d6b7cc515942b55bc1e814b8eb2c6c	男	24	777-2.mp4_免费高速下载|百度网盘-分享无限制
c33e68d7321e5e9a6e1c395379c19cd4	男	24	AKIRA ＋ るな feat.マチゲリータ
5dd2015b79c4ac0ea7be6dde9fee99a7	男	23	"am,正文页头部导航,,,"
455131c67545a5a041a9526cb765b6b1	男	22	aWiFi商户联盟：记住老客，带来新客
e3c78572a9de27e6d1115f001d93a8ce	男	24	cntaobaod海马
6d8cffd3b9c98f37d4e1ef557cedf572	男	24	cntaobaotg嗒嗒嗒
9365d1742b5f4cfcb2d25c14c8448d54	男	19	cntaobao藏绵羊旗舰店:白羽
20d6b7cc515942b55bc1e814b8eb2c6c	男	24	EXCEL中输入的数字无法正常显示变成科学计数法
5dd2015b79c4ac0ea7be6dde9fee99a7	男	23	"front@ver6,7,-,今日要闻,242-241,newFlag"
b0e8a07454baad9fdf7abe7cd6d72030	男	23	"front_nopic@ver6,7,-,今日要闻,114-113,newFlag"
7f23a7fe173507814dbb9dba319f4997	男	23	gle400奔驰
5dd2015b79c4ac0ea7be6dde9fee99a7	男	23	"hotnews@ver6,7,-,热点关注,322"
20d6b7cc515942b55bc1e814b8eb2c6c	男	24	hotword:脸红的思春期|nettype
f91fce666ac77c8cd65b78ab8327e613	男	23	hotword:王?
f91fce666ac77c8cd65b78ab8327e613	男	23	hotword:王卫身价1800
20d6b7cc515942b55bc1e814b8eb2c6c	男	24	hotword:做法也是简单到没朋友|nettype
8742e9158002fdb73d54fb28688184fa	男	24	iphone6怎么解锁?美版iphone6官方解锁方法..._脚本之家
8742e9158002fdb73d54fb28688184fa	男	24	iphone6怎么解锁？美版iphone6官方解锁方法教程_苹果手机_手机学院_脚本之家
eff4c8f0433301c26cf63b825eca117c	男	24	IT之家
455131c67545a5a041a9526cb765b6b1	男	22	ixm解说小漠
c9272fcb836724924cd610c6eee291be	男	23	k歌之王
c9272fcb836724924cd610c6eee291be	男	23	K歌之王 陈奕迅
5dd2015b79c4ac0ea7be6dde9fee99a7	男	23	"localNews@ver6,7,-,本地新闻,346"
455131c67545a5a041a9526cb765b6b1	男	22	LOL游戏灵感竟源于现实 这些典故9成人不知！
f91fce666ac77c8cd65b78ab8327e613	男	23	n/鹤山公安
f91fce666ac77c8cd65b78ab8327e613	男	23	n/肉山大魔王1207
b0e8a07454baad9fdf7abe7cd6d72030	男	23	"nba1,NBA首页第5个焦点图,nba"
d8d6bbbf3754e8c0e89565be9d7a272a	男	24	"nba9,NBA播放页专辑第二个,nba"
fa1a267aa407f702ac87da494b91e9ca	男	24	"NBA首页第5个焦点图,nba"
c33e68d7321e5e9a6e1c395379c19cd4	男	24	Nega星云
d8d6bbbf3754e8c0e89565be9d7a272a	男	24	ofo引入物联网技术，这下不用被说“low”了
d121f6161132654f75947a097f2a3af0	男	24	sm调教
e3c78572a9de27e6d1115f001d93a8ce	男	24	"UC头条：【两性】实拍北漂光鲜亮丽的野模, 她们凄冷地下的生活"
ad0343900dc0fea783845eedd45baced	男	24	UC头条：37
e3c78572a9de27e6d1115f001d93a8ce	男	24	"UC头条：9岁女儿成父亲性奴22年生了8个孩子, 终得制裁"
e3c78572a9de27e6d1115f001d93a8ce	男	24	"UC头条：比思域好看, 漆面做工比速腾高级, 轴距2"
e3c78572a9de27e6d1115f001d93a8ce	男	24	"UC头条：藏族女孩一生只洗三次澡, 深入了解藏族姑娘就不会这样讲了"
e3c78572a9de27e6d1115f001d93a8ce	男	24	"UC头条：蛋糕馊了, 客户要求店主尝尝馊了的蛋糕, 结果瞬间爆炸"
e3c78572a9de27e6d1115f001d93a8ce	男	24	"UC头条：老婆被黑社会老大抓走, 退伍特种兵为救人打残整个黑帮"
e3c78572a9de27e6d1115f001d93a8ce	男	24	UC头条：裸车10万以内买什么好?
e3c78572a9de27e6d1115f001d93a8ce	男	24	"UC头条：少女感恩六旬老汉以身相许, 但没想到婚后老汉是这种人"
ad0343900dc0fea783845eedd45baced	男	24	"UC头条：一语道破: 为何联盟所有球员都往骑士跑, 那怕底薪加盟也在所不惜"
ad0343900dc0fea783845eedd45baced	男	24	UC头条：勇士噩耗
e3c78572a9de27e6d1115f001d93a8ce	男	24	"UC头条：这车全球销量第一, 油耗4.3L, 一百块钱油可以跑500公里"
d8d6bbbf3754e8c0e89565be9d7a272a	男	24	UC头条：中国电信进行计费大改革: 以后再也不用为流量和通话时间难堪了
0a15eb7ea516edaaf8dc7d7d1f5761e3	男	19	WiFi万能钥匙
3a235f926e132947365fac206d3a682e	男	19	WiFi万能钥匙
d03d055202cd409114c97843c66734dd	男	20	WiFi万能钥匙
20d6b7cc515942b55bc1e814b8eb2c6c	男	24	Woj：杜
d8d6bbbf3754e8c0e89565be9d7a272a	男	24	wps_页卡4
eff4c8f0433301c26cf63b825eca117c	男	24	ZAKER电影
c33e68d7321e5e9a6e1c395379c19cd4	男	24	アクア
c33e68d7321e5e9a6e1c395379c19cd4	男	24	カナメΔ安野希世乃、クレアΔ日笠陽子、レイナΔ東山奈央、マキナΔ西田望見
c33e68d7321e5e9a6e1c395379c19cd4	男	24	カナメΔ安野希世乃、レイナΔ東山奈央、マキナΔ西田望見（from ワルキューレ）
c33e68d7321e5e9a6e1c395379c19cd4	男	24	ちょろゴンず
c33e68d7321e5e9a6e1c395379c19cd4	男	24	ハルカトハルナ [Starring 戸松遥]
c33e68d7321e5e9a6e1c395379c19cd4	男	24	フレイアΔ鈴木みのり
c33e68d7321e5e9a6e1c395379c19cd4	男	24	マキナΔ西田望見
c33e68d7321e5e9a6e1c395379c19cd4	男	24	ユキヒメ
c33e68d7321e5e9a6e1c395379c19cd4	男	24	らびりんず
c33e68d7321e5e9a6e1c395379c19cd4	男	24	りかるな [Starring 真山りか]
c33e68d7321e5e9a6e1c395379c19cd4	男	24	レイナΔ東山奈央、マキナΔ西田望見（from ワルキューレ）
c33e68d7321e5e9a6e1c395379c19cd4	男	24	ワガママMIRROR
c33e68d7321e5e9a6e1c395379c19cd4	男	24	ワルキューレ
d8d6bbbf3754e8c0e89565be9d7a272a	男	24	阿杜
eff4c8f0433301c26cf63b825eca117c	男	24	啊车网
e3c78572a9de27e6d1115f001d93a8ce	男	24	艾瑞泽5 Sport将于3月下旬上市 147马力
eff4c8f0433301c26cf63b825eca117c	男	24	爱卡汽车
c33e68d7321e5e9a6e1c395379c19cd4	男	24	岸田教団&THE明星ロケッツ
0741d6899ef2f5ec317695f7e37dd81c	男	23	奥斯卡乌龙颁错奖
0741d6899ef2f5ec317695f7e37dd81c	男	23	"百度移动搜索宕机半小时, “老对手”搜狗借机打广告"
eff4c8f0433301c26cf63b825eca117c	男	24	百度知道日报
c33e68d7321e5e9a6e1c395379c19cd4	男	24	坂本真綾
ad0343900dc0fea783845eedd45baced	男	24	傍晚时分，“挂了”的校园网已在部分区域恢复正常哦！
d8d6bbbf3754e8c0e89565be9d7a272a	男	24	爆笑gif图：美女最迷人的瞬间，你感受下！【一点资讯】
0b5bcb40645ae8df3d63e952280ac2f5	男	23	贝奥武夫-英灵详细-Fate
7f23a7fe173507814dbb9dba319f4997	男	23	奔驰GLE
ad0343900dc0fea783845eedd45baced	男	24	表面“奢靡淫乱”！但这却是一部真正的好电影！
e3c78572a9de27e6d1115f001d93a8ce	男	24	"冰箱姐搞笑: 现在学生真会做生意, 胸和后背多少价都直接贴出来"
fa91a7246390e9d30bd184df969cfd1e	男	23	不变的
fa91a7246390e9d30bd184df969cfd1e	男	23	不变的爱萧正楠
0b5bcb40645ae8df3d63e952280ac2f5	男	23	布伦希尔德-英灵详细-Fate
ad0343900dc0fea783845eedd45baced	男	24	菜单-我的账号
c9272fcb836724924cd610c6eee291be	男	23	缠绵游戏
c33e68d7321e5e9a6e1c395379c19cd4	男	24	常木耀
eff4c8f0433301c26cf63b825eca117c	男	24	车漫部落
c30a5e3490d82f4e69aaebb3b324bfc9	男	24	车牌号 意思
01eaaa4f9d87b590f120bda2415fa434	男	24	城轨唐家湾站
01eaaa4f9d87b590f120bda2415fa434	男	24	城轨珠海站
455131c67545a5a041a9526cb765b6b1	男	22	出租车莲花路按几声喇叭，竟被罚5000元！400多司机已被罚！
618610269735ffe9051c6f9a957e4d9c	男	24	出租车莲花路按几声喇叭，竟被罚5000元！400多司机已被罚！
01eaaa4f9d87b590f120bda2415fa434	男	24	楚天都市报
eaf106d0b4f89b944d42736a1d1b7c17	男	24	传奇无双_正版传奇1.76 经典回归下载
ad0343900dc0fea783845eedd45baced	男	24	大纲 | 2017广东省公务员笔试大纲（含招警大纲）
e1a4ac8a6a0f1bbb6a1615838ec52939	男	24	大连接，必须连接50万员工的未来
d8d6bbbf3754e8c0e89565be9d7a272a	男	24	大妈，你这样是不是有些逆天了【一点资讯】
6d8cffd3b9c98f37d4e1ef557cedf572	男	24	大妈被儿子前女友推入40米天坑身亡，这女人有毒啊！
c33e68d7321e5e9a6e1c395379c19cd4	男	24	大橋彩香
d8d6bbbf3754e8c0e89565be9d7a272a	男	24	单屏无?
d8d6bbbf3754e8c0e89565be9d7a272a	男	24	单屏无广告
e3c78572a9de27e6d1115f001d93a8ce	男	24	"蛋糕馊了, 客户要求店主尝尝馊了的蛋糕, 结果瞬间爆炸"
3dffb1770f7fb745e286f5c43f72855f	男	22	到时你有空醉酒
3dffb1770f7fb745e286f5c43f72855f	男	22	到时你有醉酒
3dffb1770f7fb745e286f5c43f72855f	男	22	到时你醉酒
3dffb1770f7fb745e286f5c43f72855f	男	22	到时醉酒
3dffb1770f7fb745e286f5c43f72855f	男	22	到醉酒
d8d6bbbf3754e8c0e89565be9d7a272a	男	24	第八百九十二章 星斗要塞_龙王传说_小说巴士
d8d6bbbf3754e8c0e89565be9d7a272a	男	24	第八百九十一章 葬龙的收获_龙王传说_小说巴士
d8d6bbbf3754e8c0e89565be9d7a272a	男	24	第八百九十章 梦境_龙王传说_小说巴士
3a235f926e132947365fac206d3a682e	男	19	第八届亚冬会闭幕
eaf106d0b4f89b944d42736a1d1b7c17	男	24	第二十九章 龙尘的震惊
eaf106d0b4f89b944d42736a1d1b7c17	男	24	第三十八章 输了？
eaf106d0b4f89b944d42736a1d1b7c17	男	24	第三十二章 华云阁的邀请
eaf106d0b4f89b944d42736a1d1b7c17	男	24	第三十九章 兽火到手
eaf106d0b4f89b944d42736a1d1b7c17	男	24	第三十六章 公主芳心
eaf106d0b4f89b944d42736a1d1b7c17	男	24	第三十七章 斗丹
eaf106d0b4f89b944d42736a1d1b7c17	男	24	第三十三章 凤鸣灯节
eaf106d0b4f89b944d42736a1d1b7c17	男	24	第三十四章 灯节开幕
eaf106d0b4f89b944d42736a1d1b7c17	男	24	第三十五章 硝烟弥漫
eaf106d0b4f89b944d42736a1d1b7c17	男	24	第三十一章 再起冲突
eff4c8f0433301c26cf63b825eca117c	男	24	第十放映室
eaf106d0b4f89b944d42736a1d1b7c17	男	24	第四十二章 气动九霄
eaf106d0b4f89b944d42736a1d1b7c17	男	24	第四十三章 兽修
eaf106d0b4f89b944d42736a1d1b7c17	男	24	第四十四章 垂死挣扎
eaf106d0b4f89b944d42736a1d1b7c17	男	24	第四十五章 力挫强敌
eaf106d0b4f89b944d42736a1d1b7c17	男	24	第四十一章 龙尘之怒
eaf106d0b4f89b944d42736a1d1b7c17	男	24	第四十章 黄裳的挑战
d8d6bbbf3754e8c0e89565be9d7a272a	男	24	第一次和女友开房的你，大海是如此狼狈【一点资讯】
eaf106d0b4f89b944d42736a1d1b7c17	男	24	第一章 丹帝记忆_九星霸体诀_笔趣阁
eff4c8f0433301c26cf63b825eca117c	男	24	电科技
8742e9158002fdb73d54fb28688184fa	男	24	店面巡检_待执行_任务详情
eff4c8f0433301c26cf63b825eca117c	男	24	懂球妹
3dffb1770f7fb745e286f5c43f72855f	男	22	斗门区.斗门镇.斗门大道/龙山二路
16527e1b2223405c898644e7d151f0d2	男	22	断桥残雪
16527e1b2223405c898644e7d151f0d2	男	22	多余的解释
d03d055202cd409114c97843c66734dd	男	20	二月再见，三月你好
d03d055202cd409114c97843c66734dd	男	20	"饭前吃一物,排出体内多年湿气"
01eaaa4f9d87b590f120bda2415fa434	男	24	分享H5页面
3dffb1770f7fb745e286f5c43f72855f	男	22	分享一下我在安装海尔空调的一点点小经验
01eaaa4f9d87b590f120bda2415fa434	男	24	凤凰时尚识装
71a2ea940add92ae0e16f2c0514d01d6	男	21	凤求凰
9365d1742b5f4cfcb2d25c14c8448d54	男	19	"夫妻离婚这下场,你敢看吗"
eaf106d0b4f89b944d42736a1d1b7c17	男	24	感谢大家的关心（是朋友就进来看一眼）
3a235f926e132947365fac206d3a682e	男	19	高晓松预测奥斯卡
3a235f926e132947365fac206d3a682e	男	19	高校食堂改星空餐厅
0741d6899ef2f5ec317695f7e37dd81c	男	23	高校食堂改星空餐厅
b2212ef6f9028913082a893889de8654	男	24	高圆圆素颜幻灭
e3c78572a9de27e6d1115f001d93a8ce	男	24	高圆圆素颜幻灭面色苍老 但有一?
6d8cffd3b9c98f37d4e1ef557cedf572	男	24	高中生购买彩票。一个月竟盈利15万！
d8d6bbbf3754e8c0e89565be9d7a272a	男	24	搞笑GIF：小姐姐毫无防备睡在面前，我控制不住自己啊！【一点资讯】
d8d6bbbf3754e8c0e89565be9d7a272a	男	24	搞笑GIF：这位女同学你上课公然看黄书，居然还敢装逼？【一点资讯】
d8d6bbbf3754e8c0e89565be9d7a272a	男	24	搞笑GIF动态图：大哥，你这三轮车就别开了。【一点资讯】
d8d6bbbf3754e8c0e89565be9d7a272a	男	24	搞笑GIF动态图：解决烦恼，您需要一款这样的超强力挂钩。【一点资讯】
d8d6bbbf3754e8c0e89565be9d7a272a	男	24	搞笑GIF动态图：排队时最怕遇见的事情。【一点资讯】
d8d6bbbf3754e8c0e89565be9d7a272a	男	24	搞笑GIF动态图：瞎说什么大实话！【一点资讯】
d8d6bbbf3754e8c0e89565be9d7a272a	男	24	搞笑GIF动态图：小小年纪就套路满满，长大还得了。【一点资讯】
d8d6bbbf3754e8c0e89565be9d7a272a	男	24	搞笑gif图：公司新来的女职员，我保证你不会再迟到了！【一点资讯】
d8d6bbbf3754e8c0e89565be9d7a272a	男	24	搞笑gif图：姑娘不要这么调皮，小心这样会吃亏的！【一点资讯】
c6bc000efbd66ef6f5658fcb8cf8ede9	男	24	搞笑达人
d8d6bbbf3754e8c0e89565be9d7a272a	男	24	搞笑图片：被抓奸在床，这可怎么办呢！【一点资讯】
d8d6bbbf3754e8c0e89565be9d7a272a	男	24	搞笑图片：妹子这样自拍，是想表达什么？【一点资讯】
d8d6bbbf3754e8c0e89565be9d7a272a	男	24	搞笑图片：这姿势，妹子也是个高手啊！【一点资讯】
3a235f926e132947365fac206d3a682e	男	19	宫崎骏宣布复出
eaf106d0b4f89b944d42736a1d1b7c17	男	24	恭喜灵魂独舞大婚，爆更
c33e68d7321e5e9a6e1c395379c19cd4	男	24	宮前透
01eaaa4f9d87b590f120bda2415fa434	男	24	拱北口岸总站
e3c78572a9de27e6d1115f001d93a8ce	男	24	共享单车遭人私自上锁: 网友路见不平 下一幕跪了
eff4c8f0433301c26cf63b825eca117c	男	24	古巨蜥好几吨重，但在我们智人祖先面前也是枉然 | 袁硕 一席第449位讲者
e3c78572a9de27e6d1115f001d93a8ce	男	24	关晓彤的腿逆天了，没有对比就没有伤害，你让旁边的妹子怎么想
0a15eb7ea516edaaf8dc7d7d1f5761e3	男	19	官方正品
d03d055202cd409114c97843c66734dd	男	20	管好自己的嘴，不要说这些话
16527e1b2223405c898644e7d151f0d2	男	22	广东天气预报代码调用
e3c78572a9de27e6d1115f001d93a8ce	男	24	滚出中国！今天，14亿人愤怒了！
3a235f926e132947365fac206d3a682e	男	19	国通快递欠费停运
0741d6899ef2f5ec317695f7e37dd81c	男	23	国通快递欠费停运
eff4c8f0433301c26cf63b825eca117c	男	24	果壳网
3a235f926e132947365fac206d3a682e	男	19	韩国福布斯名人榜
611f9421d9cb75615094afe0b1a2f0ed	男	24	韩国福布斯名人榜
0741d6899ef2f5ec317695f7e37dd81c	男	23	韩国女主播赵世熙微博晒照 黑色透视装成为焦点
b0e8a07454baad9fdf7abe7cd6d72030	男	23	韩国首富坐的“三星汽车”拆开一看竟然是台“天籁”！
0741d6899ef2f5ec317695f7e37dd81c	男	23	行为统计
3a235f926e132947365fac206d3a682e	男	19	湖北老宅值8
c33e68d7321e5e9a6e1c395379c19cd4	男	24	花坂結衣
16527e1b2223405c898644e7d151f0d2	男	22	幻听
e3c78572a9de27e6d1115f001d93a8ce	男	24	黄暴的剪辑，哈哈哈哈～
0af1e821a9d4f332b083f31c013a29fa	男	21	火影2月开学季主站活动
eff4c8f0433301c26cf63b825eca117c	男	24	家庭医生在线
5b3809a861fc6820b23d76dc75e17fd5	男	23	嘉园
fa1a267aa407f702ac87da494b91e9ca	男	24	嘉园
01eaaa4f9d87b590f120bda2415fa434	男	24	江西电视台都市现场
e5c283fd209e9ad246b9667df04842dc	男	20	姐姐不在家，姐夫用手指就让我流了好多水……
7f23a7fe173507814dbb9dba319f4997	男	23	今日头条
9a23fe9d0ec672cdee985037dec29298	男	23	今日头条
3a235f926e132947365fac206d3a682e	男	19	金毛走丢报警求助
0741d6899ef2f5ec317695f7e37dd81c	男	23	金毛走丢报警求助
eaf106d0b4f89b944d42736a1d1b7c17	男	24	紧急通知
3a235f926e132947365fac206d3a682e	男	19	景观湖捞野生大鱼
0741d6899ef2f5ec317695f7e37dd81c	男	23	景观湖捞野生大鱼
eaf106d0b4f89b944d42736a1d1b7c17	男	24	九星霸体诀 正文 第一章 丹帝记忆 - 八一中文网移动版
eaf106d0b4f89b944d42736a1d1b7c17	男	24	九星霸体诀-第二十九章 龙尘的震惊-玄幻奇幻小说-17k小说网
eaf106d0b4f89b944d42736a1d1b7c17	男	24	九星霸体诀-第三十八章 输了？-玄幻奇幻小说-17k小说网
eaf106d0b4f89b944d42736a1d1b7c17	男	24	九星霸体诀-第三十二章 华云阁的邀请-玄幻奇幻小说-17k小说网
eaf106d0b4f89b944d42736a1d1b7c17	男	24	九星霸体诀-第三十九章 兽火到手-玄幻奇幻小说-17k小说网
eaf106d0b4f89b944d42736a1d1b7c17	男	24	九星霸体诀-第三十六章 公主芳心-玄幻奇幻小说-17k小说网
eaf106d0b4f89b944d42736a1d1b7c17	男	24	九星霸体诀-第三十七章 斗丹-玄幻奇幻小说-17k小说网
eaf106d0b4f89b944d42736a1d1b7c17	男	24	九星霸体诀-第三十三章 凤鸣灯节-玄幻奇幻小说-17k小说网
eaf106d0b4f89b944d42736a1d1b7c17	男	24	九星霸体诀-第三十四章 灯节开幕-玄幻奇幻小说-17k小说网
eaf106d0b4f89b944d42736a1d1b7c17	男	24	九星霸体诀-第三十五章 硝烟弥漫-玄幻奇幻小说-17k小说网
eaf106d0b4f89b944d42736a1d1b7c17	男	24	九星霸体诀-第三十一章 再起冲突-玄幻奇幻小说-17k小说网
eaf106d0b4f89b944d42736a1d1b7c17	男	24	九星霸体诀-第四十二章 气动九霄-玄幻奇幻小说-17k小说网
eaf106d0b4f89b944d42736a1d1b7c17	男	24	九星霸体诀-第四十三章 兽修-玄幻奇幻小说-17k小说网
eaf106d0b4f89b944d42736a1d1b7c17	男	24	九星霸体诀-第四十四章 垂死挣扎-玄幻奇幻小说-17k小说网
eaf106d0b4f89b944d42736a1d1b7c17	男	24	九星霸体诀-第四十五章 力挫强敌-玄幻奇幻小说-17k小说网
eaf106d0b4f89b944d42736a1d1b7c17	男	24	九星霸体诀-第四十一章 龙尘之怒-玄幻奇幻小说-17k小说网
eaf106d0b4f89b944d42736a1d1b7c17	男	24	九星霸体诀-第四十章 黄裳的挑战-玄幻奇幻小说-17k小说网
eaf106d0b4f89b944d42736a1d1b7c17	男	24	九星霸体诀-感谢大家的关心（是朋友就进来看一眼）-玄幻奇幻小说-17k小说网
eaf106d0b4f89b944d42736a1d1b7c17	男	24	九星霸体诀-恭喜灵魂独舞大婚，爆更-玄幻奇幻小说-17k小说网
eaf106d0b4f89b944d42736a1d1b7c17	男	24	九星霸体诀-紧急通知-玄幻奇幻小说-17k小说网
eaf106d0b4f89b944d42736a1d1b7c17	男	24	九星霸体诀最新更新手打全文字TXT全集下载-笔趣阁手机阅读
eaf106d0b4f89b944d42736a1d1b7c17	男	24	九星霸体诀最新更新手打全文字TXT全集下载-玄幻魔法-笔趣阁手机阅读
eaf106d0b4f89b944d42736a1d1b7c17	男	24	九星霸体诀最新章节_免费无弹窗_九星霸体诀txt全集下载-17k小说网
fa1a267aa407f702ac87da494b91e9ca	男	24	九洲港
3dffb1770f7fb745e286f5c43f72855f	男	22	就是爱你
e5c283fd209e9ad246b9667df04842dc	男	20	钜惠星期三 你的专属大礼已备齐，请查收！
d121f6161132654f75947a097f2a3af0	男	24	卷毛胖胖胖啊
b0e8a07454baad9fdf7abe7cd6d72030	男	23	爵士vs雷霆
b0e8a07454baad9fdf7abe7cd6d72030	男	23	开拓者vs活塞
d8d6bbbf3754e8c0e89565be9d7a272a	男	24	科技
01eaaa4f9d87b590f120bda2415fa434	男	24	酷狗音乐 - 原来她不够爱我
ad0343900dc0fea783845eedd45baced	男	24	"篮球,NBA,勇士,奇才"
e3c78572a9de27e6d1115f001d93a8ce	男	24	老司机说，拍照的技巧在于……
d8d6bbbf3754e8c0e89565be9d7a272a	男	24	乐天中国官网被黑客攻击瘫痪 官媒呼吁抵制乐天！【一点资
7f23a7fe173507814dbb9dba319f4997	男	23	雷涌铎的iPhone
e3c78572a9de27e6d1115f001d93a8ce	男	24	冷丫专栏：妹子身体好柔软
d8d6bbbf3754e8c0e89565be9d7a272a	男	24	李书福花100亿买的沃尔沃，现在给吉利900亿都不卖？【一点资讯
9a23fe9d0ec672cdee985037dec29298	男	23	李瑶阶
3dffb1770f7fb745e286f5c43f72855f	男	22	李翊君 - 风中的承诺
c6bc000efbd66ef6f5658fcb8cf8ede9	男	24	李胤旭的 iPhone
3a235f926e132947365fac206d3a682e	男	19	两代央视一姐同框
f462dd72a0afe80446040d95cdcddb6e	男	21	领取礼包
f462dd72a0afe80446040d95cdcddb6e	男	21	领最高100万出行保障，送888元现金红包
d8d6bbbf3754e8c0e89565be9d7a272a	男	24	"龙王传说,唐家三少,龙王传说最新章节_全集TXT免费下载_小说巴士手机站"
d8d6bbbf3754e8c0e89565be9d7a272a	男	24	炉石官网
d03d055202cd409114c97843c66734dd	男	20	路要自己走，心要自己懂
3a235f926e132947365fac206d3a682e	男	19	旅美熊猫回国
0741d6899ef2f5ec317695f7e37dd81c	男	23	旅美熊猫回国
611f9421d9cb75615094afe0b1a2f0ed	男	24	旅美熊猫回国
b2212ef6f9028913082a893889de8654	男	24	马自达CX-4
f462dd72a0afe80446040d95cdcddb6e	男	21	买东西的贷款
e3c78572a9de27e6d1115f001d93a8ce	男	24	买个充气女友为什么感觉后背阵阵阴风飘过？
0fdfb2d929cc6ad066f590f58760ab0e	男	24	漫咖啡
65a8602204ce7b973c2e8312913aee23	男	24	芒果TV
d8d6bbbf3754e8c0e89565be9d7a272a	男	24	没有权限
d8d6bbbf3754e8c0e89565be9d7a272a	男	24	媒体 |《星际争霸2
5b3809a861fc6820b23d76dc75e17fd5	男	23	每日分享
8742e9158002fdb73d54fb28688184fa	男	24	美版iphone激活教程
e1a4ac8a6a0f1bbb6a1615838ec52939	男	24	美国
eff4c8f0433301c26cf63b825eca117c	男	24	美国海洋保护区海底，一群扇贝在“飞舞”
e3c78572a9de27e6d1115f001d93a8ce	男	24	美女约网约车竟遭司机…
c33e68d7321e5e9a6e1c395379c19cd4	男	24	美雲ΔJUNNA、カナメΔ安野希世乃、レイナΔ東山奈央、マキナΔ西田望見（from ワルキューレ）
c33e68d7321e5e9a6e1c395379c19cd4	男	24	美雲ΔJUNNA、フレイアΔ鈴木みのり、カナメΔ安野希世乃（from ワルキューレ）
d8d6bbbf3754e8c0e89565be9d7a272a	男	24	妹子好彪悍，跪着都能推动一辆车？【一点资讯】
d8d6bbbf3754e8c0e89565be9d7a272a	男	24	妹子喝多出洋相，丰满女人受欢迎！【一点资讯】
d8d6bbbf3754e8c0e89565be9d7a272a	男	24	妹子你这样一脱，正常男人都会吓坏！【一点资讯】
0741d6899ef2f5ec317695f7e37dd81c	男	23	"魅族“20分钟充满电”, 秒杀OPPO、华为、小米"
0741d6899ef2f5ec317695f7e37dd81c	男	23	魅族有救了
9a23fe9d0ec672cdee985037dec29298	男	23	猛砸239.48个亿，未来珠海这个区要逆天！你的身价要涨！
d121f6161132654f75947a097f2a3af0	男	24	喵里酱
0741d6899ef2f5ec317695f7e37dd81c	男	23	"摩拜和ofo“充返”活动轮番上阵, 共享单车的补贴大战正式开打"
d8d6bbbf3754e8c0e89565be9d7a272a	男	24	默认专辑名称@【集锦】雷霆三分集锦 连进12球平14年前纪录
1574f73741a5a0a366e012b196ecbbe8	男	23	奶油布偶猫猫舍
e3c78572a9de27e6d1115f001d93a8ce	男	24	男生这样和你聊天，就是想睡你！
5dd2015b79c4ac0ea7be6dde9fee99a7	男	23	男子骑摩托车竟被电动自行车撞死！交警仅凭番石榴破案！事故原因发人深省！
e3c78572a9de27e6d1115f001d93a8ce	男	24	内涵神图槽：上面能举，下面能吗？
e5c283fd209e9ad246b9667df04842dc	男	20	你会和什么样的人擦出爱的火花？
e1a4ac8a6a0f1bbb6a1615838ec52939	男	24	纽波利顿犬
d03d055202cd409114c97843c66734dd	男	20	女大三抱金砖是什么意思
e3c78572a9de27e6d1115f001d93a8ce	男	24	女服务员不穿衣服就上餐 食客们眼睛都绿了
e3c78572a9de27e6d1115f001d93a8ce	男	24	女神节 | 许她四海八荒，不如送她卡罗拉！
3a235f926e132947365fac206d3a682e	男	19	女子凿冰捉鱼落水
0741d6899ef2f5ec317695f7e37dd81c	男	23	女子凿冰捉鱼落水
d8d6bbbf3754e8c0e89565be9d7a272a	男	24	欧阳娜娜才16岁就敢穿这种裙子，不忍看！【一点资讯】
c6bc000efbd66ef6f5658fcb8cf8ede9	男	24	排气
8742e9158002fdb73d54fb28688184fa	男	24	苹果5卡贴机怎么解锁
ad0343900dc0fea783845eedd45baced	男	24	其他界面-网页
eff4c8f0433301c26cf63b825eca117c	男	24	奇幻小人国:面包球场 汤勺滑道 脑洞你服么?_手机网易网
fa1a267aa407f702ac87da494b91e9ca	男	24	骑士
b2212ef6f9028913082a893889de8654	男	24	汽车
01eaaa4f9d87b590f120bda2415fa434	男	24	汽车行业关注
eff4c8f0433301c26cf63b825eca117c	男	24	汽车之家
0a15eb7ea516edaaf8dc7d7d1f5761e3	男	19	"汽修厂怎么分级, 一二三类汽修厂有什么区别?"
71a2ea940add92ae0e16f2c0514d01d6	男	21	青龙乱舞
8742e9158002fdb73d54fb28688184fa	男	24	渠道经理
5d22902386236cb8ef80313fd767e2c2	男	22	人工岛荒废10
5d22902386236cb8ef80313fd767e2c2	男	22	人工岛荒废10
8742e9158002fdb73d54fb28688184fa	男	24	日版Iphone6 无服务怎么办？
455131c67545a5a041a9526cb765b6b1	男	22	如果LOL账号中有这些头像，你就真的老了
3dffb1770f7fb745e286f5c43f72855f	男	22	如何获取抵用券
16527e1b2223405c898644e7d151f0d2	男	22	如何一次通过科目三考试？（建议收藏）
e3c78572a9de27e6d1115f001d93a8ce	男	24	若风痛斥宣告，引小漠不满发文力挺爆猛料！
c33e68d7321e5e9a6e1c395379c19cd4	男	24	三澤紗千香 & 春奈るな
eff4c8f0433301c26cf63b825eca117c	男	24	陕西周至菠菜滞销 100公斤才卖26
eff4c8f0433301c26cf63b825eca117c	男	24	商业周刊
3a235f926e132947365fac206d3a682e	男	19	上海共享单车被扣
0741d6899ef2f5ec317695f7e37dd81c	男	23	上海共享单车被扣
611f9421d9cb75615094afe0b1a2f0ed	男	24	上海共享单车被扣
5b3809a861fc6820b23d76dc75e17fd5	男	23	奢香夫人
d8d6bbbf3754e8c0e89565be9d7a272a	男	24	深度 | 骑士签博古特，一笔备胎意义远胜于实际价值的签约！
eff4c8f0433301c26cf63b825eca117c	男	24	深圳一餐馆两条小黄鱼卖4628元，物价部门：未明码标价_直击现场_澎湃新闻-Th...
eff4c8f0433301c26cf63b825eca117c	男	24	深圳一餐馆两条小黄鱼卖4628元，物价部门：未明码标价_直击现场_澎湃新闻-The
d8d6bbbf3754e8c0e89565be9d7a272a	男	24	神吐槽 | 巴爷频繁换队竟因他曾穿过龙袍？
455131c67545a5a041a9526cb765b6b1	男	22	手机awifi显示连接上后，为什么不能上网_360问答
6d8cffd3b9c98f37d4e1ef557cedf572	男	24	输出电压=47.599998474121094
01eaaa4f9d87b590f120bda2415fa434	男	24	顺丰股价为何一飞冲天 股权质押风险隐现_财新网
0b5bcb40645ae8df3d63e952280ac2f5	男	23	顺丰速运
e3c78572a9de27e6d1115f001d93a8ce	男	24	思域|思域
0741d6899ef2f5ec317695f7e37dd81c	男	23	四川一教师备锤子要求学生自己砸手机 砸后点赞“真爷们”
1574f73741a5a0a366e012b196ecbbe8	男	23	四重奏
eff4c8f0433301c26cf63b825eca117c	男	24	肆客足球
3dffb1770f7fb745e286f5c43f72855f	男	22	苏宁文创集团诚邀文青精英加盟
ad0343900dc0fea783845eedd45baced	男	24	苏永康 - 越吻越伤心
d03d055202cd409114c97843c66734dd	男	20	他比郭麒麟更离经叛道与沈腾一起逆袭 文松还差得远
d8d6bbbf3754e8c0e89565be9d7a272a	男	24	他干掉国民党9个中将，55个少将，成为蒋介石挥之不去的梦魇?
e5c283fd209e9ad246b9667df04842dc	男	20	她靠做甜品就圈了4000 粉，还在珠海开了家“最美照相馆”
e3c78572a9de27e6d1115f001d93a8ce	男	24	她们抱怨蛋糕馊了 结果老板娘打开盒子却感动到落泪-生活-高清视频–爱奇艺
c33e68d7321e5e9a6e1c395379c19cd4	男	24	桃原奈月
3dffb1770f7fb745e286f5c43f72855f	男	22	陶喆 - 就是爱你
71a2ea940add92ae0e16f2c0514d01d6	男	21	天命风流
3a235f926e132947365fac206d3a682e	男	19	天气预报引新主播
0741d6899ef2f5ec317695f7e37dd81c	男	23	天气预报引新主播
57c7356a0073d2805c56fa2366729924	男	24	天长地久
0b5bcb40645ae8df3d63e952280ac2f5	男	23	條形碼
d121f6161132654f75947a097f2a3af0	男	24	铁马冰河入梦来-z
f462dd72a0afe80446040d95cdcddb6e	男	21	童话镇隔壁
d8d6bbbf3754e8c0e89565be9d7a272a	男	24	头条 | 比顺丰还赚钱的中通是怎么做的？
d8d6bbbf3754e8c0e89565be9d7a272a	男	24	头条 | 凑齐3巨头！填补阵容缺陷！空气换遍全联盟！克城“白魔术师”神操作引众人膜拜！
d8d6bbbf3754e8c0e89565be9d7a272a	男	24	头条 | 库里三分11
d03d055202cd409114c97843c66734dd	男	20	突发！东莞一工厂起火，现场浓烟滚滚，多辆消防车前往灭火
3a235f926e132947365fac206d3a682e	男	19	徒步470公里返校
0741d6899ef2f5ec317695f7e37dd81c	男	23	徒步470公里返校
611f9421d9cb75615094afe0b1a2f0ed	男	24	徒步470公里返校
d03d055202cd409114c97843c66734dd	男	20	推荐
01eaaa4f9d87b590f120bda2415fa434	男	24	网通社汽车频道
eff4c8f0433301c26cf63b825eca117c	男	24	网易体育
01eaaa4f9d87b590f120bda2415fa434	男	24	网易娱乐
f91fce666ac77c8cd65b78ab8327e613	男	23	微博钱包
f91fce666ac77c8cd65b78ab8327e613	男	23	微博问答
c30a5e3490d82f4e69aaebb3b324bfc9	男	24	微博问答
57c7356a0073d2805c56fa2366729924	男	24	微信
d03d055202cd409114c97843c66734dd	男	20	为什么你总是说到做不到？
0a15eb7ea516edaaf8dc7d7d1f5761e3	男	19	为什么日本人富却不爱买豪车？值得我们深思
01eaaa4f9d87b590f120bda2415fa434	男	24	喂车
eff4c8f0433301c26cf63b825eca117c	男	24	喂车
e3c78572a9de27e6d1115f001d93a8ce	男	24	我结到金科长，跟着郑惠成学做刘海
e3c78572a9de27e6d1115f001d93a8ce	男	24	污丫讲段子：单身是用来练手的
01eaaa4f9d87b590f120bda2415fa434	男	24	吴业坤 - 原来她不够爱我
f462dd72a0afe80446040d95cdcddb6e	男	21	兮夜如此多娇 引无数大触竞折腰 - 伐木累
455131c67545a5a041a9526cb765b6b1	男	22	西埔市场
c9272fcb836724924cd610c6eee291be	男	23	香洲区
3dffb1770f7fb745e286f5c43f72855f	男	22	湘菜馆 到店吃
65a8602204ce7b973c2e8312913aee23	男	24	向往的生活2017
0741d6899ef2f5ec317695f7e37dd81c	男	23	小米只花两年就造芯成功 雷军感谢政府: 一开始送来了200万元
01eaaa4f9d87b590f120bda2415fa434	男	24	邪恶动态图第365期：把衣服脱了让我吸一吸-邪恶动态图
d03d055202cd409114c97843c66734dd	男	20	新买的衣服，要不要先洗再穿？80%的人都不知道……
ad0343900dc0fea783845eedd45baced	男	24	新闻内页
0741d6899ef2f5ec317695f7e37dd81c	男	23	新一代徕卡双摄
6d8cffd3b9c98f37d4e1ef557cedf572	男	24	信号丢失(LOS
c33e68d7321e5e9a6e1c395379c19cd4	男	24	幸せについて私が知っている5つの方法/色彩 坂本真綾
16527e1b2223405c898644e7d151f0d2	男	22	许嵩 - 断桥残雪
16527e1b2223405c898644e7d151f0d2	男	22	许嵩 - 多余的解释
16527e1b2223405c898644e7d151f0d2	男	22	许嵩 - 幻听
eaf106d0b4f89b944d42736a1d1b7c17	男	24	玄幻
0b5bcb40645ae8df3d63e952280ac2f5	男	23	选择地址
1574f73741a5a0a366e012b196ecbbe8	男	23	寻找最美展商
d8d6bbbf3754e8c0e89565be9d7a272a	男	24	燕冰琳
d8d6bbbf3754e8c0e89565be9d7a272a	男	24	杨毅：从未说过姚明提案被否决 请媒体们手下留情【一点资讯】
d8d6bbbf3754e8c0e89565be9d7a272a	男	24	杨毅惹麻烦了 他的文章被认定为假新闻 他为何要否定姚明方
0a15eb7ea516edaaf8dc7d7d1f5761e3	男	19	摇一摇抢红包-东鹏特饮
5dd2015b79c4ac0ea7be6dde9fee99a7	男	23	一点资讯 为你私人定制的资讯客户端
618610269735ffe9051c6f9a957e4d9c	男	24	一个吹风机能顶10个老中医！只用来吹头太浪费了……
e5c283fd209e9ad246b9667df04842dc	男	20	一个援交女孩。
e3c78572a9de27e6d1115f001d93a8ce	男	24	一起严重的游乐场事故，心脏承受能力差的千万别看
b2212ef6f9028913082a893889de8654	男	24	一汽马自达-马自达CX-4
d8d6bbbf3754e8c0e89565be9d7a272a	男	24	易建联顶级座驾曝光！完爆姚明！篮坛一哥大PK！姚明无奈认?
1574f73741a5a0a366e012b196ecbbe8	男	23	易通
1574f73741a5a0a366e012b196ecbbe8	男	23	易讯通
1574f73741a5a0a366e012b196ecbbe8	男	23	易云通
d8aef34278d9d4790fe8d1112dfefccc	男	24	阴缘难续之鬼夫有点傲娇
d8aef34278d9d4790fe8d1112dfefccc	男	24	姻缘
0741d6899ef2f5ec317695f7e37dd81c	男	23	引爆MWC2017
fa1a267aa407f702ac87da494b91e9ca	男	24	勇士vs奇才
ad0343900dc0fea783845eedd45baced	男	24	"勇士高管: 球队后悔签下卡尔德隆, 另一神卫才是真爱"
65a8602204ce7b973c2e8312913aee23	男	24	悠悠悠悠-Yoyoyoyo
01eaaa4f9d87b590f120bda2415fa434	男	24	游记作者Ben
5b3809a861fc6820b23d76dc75e17fd5	男	23	有点甜
d03d055202cd409114c97843c66734dd	男	20	有人懂你，就是幸福
3a235f926e132947365fac206d3a682e	男	19	有信电话
d8aef34278d9d4790fe8d1112dfefccc	男	24	渔夫叫我、
c33e68d7321e5e9a6e1c395379c19cd4	男	24	宇多良カナリア starring 石川由依
455131c67545a5a041a9526cb765b6b1	男	22	御温泉
01eaaa4f9d87b590f120bda2415fa434	男	24	原来她不够爱我
c33e68d7321e5e9a6e1c395379c19cd4	男	24	原由実
3dffb1770f7fb745e286f5c43f72855f	男	22	愿得一人心 - 李行亮、雨宗林
e3c78572a9de27e6d1115f001d93a8ce	男	24	越一女子得知中大奖后 狂请客 领奖时让她崩溃
1574f73741a5a0a366e012b196ecbbe8	男	23	云养猫的克己
d8d6bbbf3754e8c0e89565be9d7a272a	男	24	在百度的O2O战略里，糯米安全了，但百度外卖呢？
0b5bcb40645ae8df3d63e952280ac2f5	男	23	在珠海，不买车都有车开了！超方便！
71a2ea940add92ae0e16f2c0514d01d6	男	21	长生剑
d03d055202cd409114c97843c66734dd	男	20	长盈精密东莞 650 人工厂，因自动化将只留 20
f462dd72a0afe80446040d95cdcddb6e	男	21	账户首页 - 手机拍拍贷官网_国内首家互联网金融P2P借贷平台_手机拍拍贷网
d8d6bbbf3754e8c0e89565be9d7a272a	男	24	这些新疆美女都红透了，可这两位整容、改名也都火不起来?
618610269735ffe9051c6f9a957e4d9c	男	24	阵雨
d8d6bbbf3754e8c0e89565be9d7a272a	男	24	中国电信 计费
c30a5e3490d82f4e69aaebb3b324bfc9	男	24	中国网民呼吁抵制乐天 韩国网友回应：小气
5d22902386236cb8ef80313fd767e2c2	男	22	中山
eff4c8f0433301c26cf63b825eca117c	男	24	中新网
fa91a7246390e9d30bd184df969cfd1e	男	23	"钟舒漫,我们仨 专辑歌曲,我们仨"
01eaaa4f9d87b590f120bda2415fa434	男	24	重案组37
ad0343900dc0fea783845eedd45baced	男	24	周大嘉嘉
9365d1742b5f4cfcb2d25c14c8448d54	男	19	珠海金鼎
9365d1742b5f4cfcb2d25c14c8448d54	男	19	珠海前三
b0e8a07454baad9fdf7abe7cd6d72030	男	23	珠海取消积分入户政策 以后通过这些方式可落户
ad0343900dc0fea783845eedd45baced	男	24	珠海市公安局招聘财会岗位合同制职员
16527e1b2223405c898644e7d151f0d2	男	22	"珠海租房,珠海出租房,跳蚤市场"
ad0343900dc0fea783845eedd45baced	男	24	综合内页-数据
ad0343900dc0fea783845eedd45baced	男	24	综合内页-直播
0741d6899ef2f5ec317695f7e37dd81c	男	23	最后一页
3dffb1770f7fb745e286f5c43f72855f	男	22	醉鹅
3dffb1770f7fb745e286f5c43f72855f	男	22	醉酒
e84df8de837b66b65573977fd588de9a	男	25	#呼叫时光机#微信大红包、千元折价券，旺旺冰品20年感恩回馈豪礼大放送！
6c3e3bfa637f7b04000f25e04945796b	男	27	(侦察分享) 我侦察了Orca04
d224747a64174cbb5050fc3e966c4e02	男	25	[搬运] WCS最高1987，龟花队
d224747a64174cbb5050fc3e966c4e02	男	25	[搬运] WCS最高1987，龟花队
79ceda450728c2ec023643836c157829	男	25	[暴走]
d224747a64174cbb5050fc3e966c4e02	男	25	[讨论]又逛了次武侯祠我才觉得我国文化传承之久远
d224747a64174cbb5050fc3e966c4e02	男	25	[新闻] 关都VS阿罗拉混战！获得大比鸟与大钢蛇MEGA
d224747a64174cbb5050fc3e966c4e02	男	25	[新闻][集中讨论]乐视发声明向用户致歉 承诺将补偿会员相关损失，关于会员损失?
d224747a64174cbb5050fc3e966c4e02	男	25	[新闻][集中讨论]乐视发声明向用户致歉 承诺将补偿会员相关损失，关于会员损失直播资源?
8479fd7329d1b2fe78c3816c837d11f7	男	27	“國家工商總局商標局橫琴商標受理窗口”正式掛牌 -香港商报
410201d1f176fc6d115b399a07ce6bed	男	25	“你把我养这么大，还打我…”六岁女儿哭着跟妈妈讲道理，从头到尾都是亮点！
4f7514432edca7023e7eb7831688db4a	男	25	“萨德”部署动摇东北亚 美媒：中国对韩有40多种制裁方法
6c97392f76f1429874045da54f075803	男	25	“小别离”背后：中国低龄留学生去了哪里？-搜狐教育
6c97392f76f1429874045da54f075803	男	25	“小别离”背后：中国低龄留学生去了哪里？-搜狐教育
8b519db662db93dbd86649da1a90e509	男	27	《海贼王》857话情报：卡彭真实身份曝光
1a2727b746f599a46177ee41aa7b960f	男	26	《禁止的爱：善良的小姨子》高清在线观看-电影禁止的爱：善良的小姨?
224cbde15202303dc4c9f6a8475f57ab	男	26	《可以别墅 何必洋房》一行白鹭飞 桃花流水鱼儿肥
ec08829fdb29d0514eb99b328322523e	男	27	《楞严咒》全文-楞严咒原文注音版_带拼音的楞严咒经文 - 弘善佛教网
ec08829fdb29d0514eb99b328322523e	男	27	《楞严咒》全文-楞严咒原文注音版_带拼音的楞严咒经文 - 弘善佛教网
8b519db662db93dbd86649da1a90e509	男	27	《死侍》《生化危机》删减?
8b519db662db93dbd86649da1a90e509	男	27	《我的吸血鬼男友之极夜物语》正式海报曝光
1a2727b746f599a46177ee41aa7b960f	男	26	《鸭王2》高清在线观看-电影鸭王2手机直接看无广告－流量君电影 -
6c97392f76f1429874045da54f075803	男	25	《中国低龄留学生研究报告》.pdf_微盘下载
f1fca7a8d1c1328c1cd6c337953e5363	男	26	《中国好声音》名称裁定给唐德 浙江失去使?
f1fca7a8d1c1328c1cd6c337953e5363	男	26	《中国好声音》名称裁定给唐德 浙江失去使用权-
a731ac8afae0863f57ac0ba7008e98ec	男	25	【榜单】2016最新双十一手机销量排行榜
a731ac8afae0863f57ac0ba7008e98ec	男	25	"【爆料】OPPO产品经理:以后不谈充电谈拍照,今年无Find9计划"
16825eb6d908c2c82db2129935b34859	男	25	【唱吧红人坊】tik：开口跪的腼腆少年
5d9ab2045677c13b3082d3d61380844b	男	26	【贷款购车计算器】贷款?
224cbde15202303dc4c9f6a8475f57ab	男	26	"【房产网,房地产信息网】-"
c706c78b75af69ee786afd7b83ead84b	男	25	【福利大放送】来自男法的专属神秘大礼！
a731ac8afae0863f57ac0ba7008e98ec	男	25	【攻略】支付宝提现免手续费，教程
5d9ab2045677c13b3082d3d61380844b	男	26	【购车计算器】买车计算器_购车费
91bc3ae4fa06c77974d2b9f45abfe91f	男	26	【关注】珠海今起这10类人才可申请直接落户！如何办理戳这里...（附详细核准条件目录）
224cbde15202303dc4c9f6a8475f57ab	男	26	【海雅君悦】二手房出售房源信息|海雅君悦-中山安居客
16825eb6d908c2c82db2129935b34859	男	25	【话题】聊聊你和某首歌之间的故事
633e58e01a450437d26ed9a63b7864dd	男	27	【解读】2017年珠海市入户政策
a731ac8afae0863f57ac0ba7008e98ec	男	25	【曝光】这家手机厂商巨亏13亿，低价换取销量很悲催
224cbde15202303dc4c9f6a8475f57ab	男	26	【热点】抢房大战又上演！购房者连夜排队，上海楼盘被挤爆！
c77110bdbc19bc19aa6813bac474ee27	男	26	【食在珠海】抹茶爱好者的茶寮之路
80050bc8569810fd9b7376ea9ed4d1e8	男	27	【图】2016广州车展：
80050bc8569810fd9b7376ea9ed4d1e8	男	27	【图】2016广州车展：W
80050bc8569810fd9b7376ea9ed4d1e8	男	27	【图】2017年内上市 WEY
80050bc8569810fd9b7376ea9ed4d1e8	男	27	【图】21款新车集中上市 3
80050bc8569810fd9b7376ea9ed4d1e8	男	27	【图】WEY_WEY
f1fca7a8d1c1328c1cd6c337953e5363	男	26	【图】暗访大尺度按摩院 美女服务生亲自上手画面让人无法直视_hao123上网导航
80050bc8569810fd9b7376ea9ed4d1e8	男	27	【图】可选双边共四出
5d9ab2045677c13b3082d3d61380844b	男	26	【图】起亚_起亚K5_2016
5d9ab2045677c13b3082d3d61380844b	男	26	【图】起亚K5_东风悦达起亚K5_
80050bc8569810fd9b7376ea9ed4d1e8	男	27	【图】一步一步?
80050bc8569810fd9b7376ea9ed4d1e8	男	27	【图】一步一步往上爬 评WEY
a731ac8afae0863f57ac0ba7008e98ec	男	25	【外媒】OPPO潜望式双摄“5倍无损变焦”技术获得外媒一致好评推荐
6226d0867327fb2fdf207dca2425ba91	男	26	【轩逸】新轩逸报价-图片_爱卡汽车
6226d0867327fb2fdf207dca2425ba91	男	26	【轩逸】新轩逸报价-图片_爱卡汽车
c77110bdbc19bc19aa6813bac474ee27	男	26	【选品牌_珠海二手车买卖】_手机易车二手车
f1fca7a8d1c1328c1cd6c337953e5363	男	26	【一点资讯】南京宝马案肇事者二次鉴定：案发时处于精神病状态
c77110bdbc19bc19aa6813bac474ee27	男	26	【一点资讯】中央财经领导小组会议 释放了三点重磅信号
6f4ecce6c865591bb825181c8546c37d	男	27	【一点资讯】中央财经领导小组会议 释放了三点重磅信号
6f4ecce6c865591bb825181c8546c37d	男	27	【一点资讯】中央财经领导小组会议 释放了三点重磅信号
bd49f8f057b3f66724181fe7e6fb6a9c	男	27	【月度抽奖】500元购物卡大派送，明晚8点约定你！
633e58e01a450437d26ed9a63b7864dd	男	27	【粤语版】关爱女性卡，让你爱的人一直美下去
224cbde15202303dc4c9f6a8475f57ab	男	26	【中山海雅君悦二手房】-中山Q房网
633e58e01a450437d26ed9a63b7864dd	男	27	【重磅】珠海社保政策将重大调整，两险合并后到手工资有变吗？
edcbec02bad1d9e70990201c64c47d8b	男	25	【重庆政事】市委深改小组：拿出更大勇气更多实招推进改革！
224cbde15202303dc4c9f6a8475f57ab	男	26	【珠海万科魅力之城二手房】-珠海Q房网
8479fd7329d1b2fe78c3816c837d11f7	男	27	008 哑巴爸爸会说话_逆青春_笔趣阁
8479fd7329d1b2fe78c3816c837d11f7	男	27	009 和好_逆青春_笔趣阁
8479fd7329d1b2fe78c3816c837d11f7	男	27	010 我爸走了_逆青春_笔趣阁
f1fca7a8d1c1328c1cd6c337953e5363	男	26	1.17魔界降临
5d9ab2045677c13b3082d3d61380844b	男	26	1.6T顶配轮
cfd8357f3798a4d2286a0f814fd0c544	男	27	10、常委会
6226d0867327fb2fdf207dca2425ba91	男	26	100103q=半月&t
582e86953025fdefbc648b2c87fc35be	男	25	1019023b/s?word=签约中铁和中建哪个好
582e86953025fdefbc648b2c87fc35be	男	25	1019023b/s?word=中建
1b73ea82f201274cf40fe41bb900a69d	男	26	1099b/s?word=帕萨特
1b73ea82f201274cf40fe41bb900a69d	男	26	1099b/s?word=帕萨特如何开油箱
cfd8357f3798a4d2286a0f814fd0c544	男	27	11、留言 - 驻京办主任第一章 迎来送往作者王晓方
cfd8357f3798a4d2286a0f814fd0c544	男	27	12、竞争 - 驻京办主任第一章 迎来送往作者王晓方
308863a12870de46cb3d22b60450f056	男	27	130斤时合作刘恺?
c6c1e1c5e017e104a842d2a4e6c7d4f2	男	25	自营雷蛇（Razer
54b13262ce935955117ce09b70c0d1b9	男	26	"15,热词专题区,-,-"
54b13262ce935955117ce09b70c0d1b9	男	26	"16,新闻热点区,-,-"
54b13262ce935955117ce09b70c0d1b9	男	26	"17,今日推荐区,-,-"
3db86203a91a20fc2ca1388707ab87e6	男	27	17173游戏
759bd580729df4937407725511af39f2	男	27	17万能买这些车，为什么你们还选帕萨特...
54b13262ce935955117ce09b70c0d1b9	男	26	18架飞机从乌鲁木齐起飞 投送数千兵力奔赴?
54b13262ce935955117ce09b70c0d1b9	男	26	18架飞机从乌鲁木齐起飞 投送数千兵力奔赴天山南北_手机凤凰网
6c97392f76f1429874045da54f075803	男	25	2014中国低龄留学白皮书，透过数据，全面剖析低龄留学现状！_看图_留学吧_百度贴吧
6c97392f76f1429874045da54f075803	男	25	2015年中国有4万多低龄留学生在美留学-搜狐新闻
80050bc8569810fd9b7376ea9ed4d1e8	男	27	2016广州车展：WEY
c77110bdbc19bc19aa6813bac474ee27	男	26	2017广东科学技术职业学院招聘事业编制教师25人公告
d224747a64174cbb5050fc3e966c4e02	男	25	2017届互联网校招薪酬报告：白菜价22W，青菜价30W，神价150W
6f4ecce6c865591bb825181c8546c37d	男	27	2017年财政非税收入管理系统Oracle数据库维保技术服务合同（0222
6f4ecce6c865591bb825181c8546c37d	男	27	2017年财政非税收入管理系统运维合同（20170222
6f4ecce6c865591bb825181c8546c37d	男	27	2017年行业短信合同（0222
80050bc8569810fd9b7376ea9ed4d1e8	男	27	2017年内上市 WEY
6f4ecce6c865591bb825181c8546c37d	男	27	2017年上网行为管理和流量控制系统设备租用技术服务合同（0222
6f4ecce6c865591bb825181c8546c37d	男	27	2017年珠海市信息化办公室政府信息资源管理及网络交换中心运维合同（20170222
6f4ecce6c865591bb825181c8546c37d	男	27	2017年珠海市信息化办公室政务外网电路租用合同（20170222
6f4ecce6c865591bb825181c8546c37d	男	27	2017年珠海市信息化办公室政务外网前端服务合同
92692240a423e548082ed1bd2172be95	男	26	2017年最缺德的人出现了，大家往死里传，传死他！
82ebfd3e6579d87ca716137935b5bb8e	男	26	2017年最新人民币说明书，太有才了！牛B
633e58e01a450437d26ed9a63b7864dd	男	27	20-70岁，什么年纪做什么体检？疾控专家话你知！
c33091067b39340f3dfb4ff9477e2a08	男	25	20年制上万拐棍
80050bc8569810fd9b7376ea9ed4d1e8	男	27	21款新车集中上市 3月上市新车汇总
54b13262ce935955117ce09b70c0d1b9	男	26	"24,搜狗图文热词,,"
de9dd5f7e36de28c3dfe846c6ce2bff0	男	27	"2个骚女护士,日式捆绑 口塞大球,极品丝袜美女 - 国产自拍_最新国产自拍_高清"
d224747a64174cbb5050fc3e966c4e02	男	25	3ds已入，有没有组织啊
7271b1ddb338b326dbcebe243057002f	男	26	3G门户-NBA直播中心
7271b1ddb338b326dbcebe243057002f	男	26	3G体育NBA频道
633e58e01a450437d26ed9a63b7864dd	男	27	3月，珠海人不能不知道的21件大事来了！
ada8cfd277ed726cf28e75f2975d5448	男	26	52avav 我爱AV haose01 haose0 好色 www.12tvtv
3b4dd9db2ebd3d1572cd55db77bc1a56	男	27	5分钟暴汗快速减脂，轻松赶走多余脂肪！
a77f4225e51d27f0831aae2d4cde508a	男	27	AP无法连通告警
6226d0867327fb2fdf207dca2425ba91	男	26	Ars_小琦祈求破厂争气
a77f4225e51d27f0831aae2d4cde508a	男	27	CBA职业联赛_腾讯体育_腾讯网 -
a731ec7b1205fb6b2a25181a192dec9f	男	25	clarks属于什么档次
c6c1e1c5e017e104a842d2a4e6c7d4f2	男	25	cntaobao2猫未来的消失
224cbde15202303dc4c9f6a8475f57ab	男	26	cntaobaoseekfor简单
6c97392f76f1429874045da54f075803	男	25	cntaobaotb古古
fb30012522cac7a7be8755f0bf48882f	男	26	cntaobao承诺一辈子哦
4e0d2322ec361efc35d837ad17d486ce	男	26	cntaobao哒哒1234
4e0d2322ec361efc35d837ad17d486ce	男	26	cntaobao哒哒1234
8b519db662db93dbd86649da1a90e509	男	27	cntaobao佬公仔lgz
4c6ec7521462d1f784cd25536b8d1c2b	男	25	cntaobao墨海0219
582e86953025fdefbc648b2c87fc35be	男	25	cntaobao松间匆2
ea32a122a2fc516597b13b6ce85db349	男	27	cntaobao云酵生物:云一
a308f57bceefe23a508db55de842c607	男	26	cntaobao只收开口费
5d9ab2045677c13b3082d3d61380844b	男	26	DJ何鹏 - 不是因为寂寞才想你 -
5d9ab2045677c13b3082d3d61380844b	男	26	DJ何鹏、大哲 - 出人头地 - DJ
5d9ab2045677c13b3082d3d61380844b	男	26	DJ何鹏、大哲 - 男人的痛你永远不会懂 - DJ
5d9ab2045677c13b3082d3d61380844b	男	26	DJ何鹏、大哲 - 女人就该好好爱自己 -
5d9ab2045677c13b3082d3d61380844b	男	26	DJ何鹏、南风 - 刺猬与玫瑰 - DJ
5d9ab2045677c13b3082d3d61380844b	男	26	DJ何鹏、南风 - 一路向北 -
5d9ab2045677c13b3082d3d61380844b	男	26	DJ何鹏、徐菲琳 - 小幸福 -
5d9ab2045677c13b3082d3d61380844b	男	26	DJ何鹏、赵鑫 - 爱已欠费 - DJ
5d9ab2045677c13b3082d3d61380844b	男	26	DJ何鹏、赵真 - 爱情可遇不可求 - DJ
a731ec7b1205fb6b2a25181a192dec9f	男	25	ECCO爱步中国官网-ECCO.com
54b13262ce935955117ce09b70c0d1b9	男	26	"ent_nopic@ver6,7,-,娱乐,121,newFlag"
1daffc95a04afd917d97ae55f4807fb3	男	27	"ent_nopic@ver6,7,-,娱乐,121,newFlag"
cb57d6858e3e2a39ae151cae152fd830	男	25	faker斗鱼tv直播间地址 大魔王faker斗鱼直播首秀
e84df8de837b66b65573977fd588de9a	男	25	fc_凤巢图片
54b13262ce935955117ce09b70c0d1b9	男	26	"finance_nopic@ver6,7,-,财经,122,newFlag"
1daffc95a04afd917d97ae55f4807fb3	男	27	"front@ver6,7,-,今日要闻,242-241,newFlag"
9ecf2877c801e4cb68e478d8ecf5f1ed	男	25	"front_nopic@ver6,7,-,今日要闻,114-113,newFlag"
54b13262ce935955117ce09b70c0d1b9	男	26	"front_nopic@ver6,7,-,今日要闻,114-113,newFlag"
1daffc95a04afd917d97ae55f4807fb3	男	27	"front_nopic@ver6,7,-,今日要闻,114-113,newFlag"
6226d0867327fb2fdf207dca2425ba91	男	26	hotword:豆得儿下线|nettype
6226d0867327fb2fdf207dca2425ba91	男	26	hotword:周杰伦五月天|nettype
224cbde15202303dc4c9f6a8475f57ab	男	26	http://m.qfang.com/zhongshan/sale?keyword=海雅君悦
224cbde15202303dc4c9f6a8475f57ab	男	26	https://m.baidu.com/fm_kl=17709454cf/from=2001a/s?word=Q房网中山&sa=tb
54b13262ce935955117ce09b70c0d1b9	男	26	"image_nopic@ver6,7,-,悦图,139,newFlag"
54b13262ce935955117ce09b70c0d1b9	男	26	"img,s=奇才,h=http"
c706c78b75af69ee786afd7b83ead84b	男	25	iphone登录框被iframe
5d9ab2045677c13b3082d3d61380844b	男	26	k5保险杠?
5d9ab2045677c13b3082d3d61380844b	男	26	K5刹车钳?
80050bc8569810fd9b7376ea9ed4d1e8	男	27	KD伤停让勇士想念骑士新援
f1fca7a8d1c1328c1cd6c337953e5363	男	26	KD伤退勇士负奇才吞第10败 库里25分沃尔12
54b13262ce935955117ce09b70c0d1b9	男	26	"localNews@ver6,7,-,本地新闻,346"
1daffc95a04afd917d97ae55f4807fb3	男	27	"localNews@ver6,7,-,本地新闻,346"
7051ca1ab7efd1f48292e5c997ea7d71	男	25	Location详解之精准匹配、正则匹配
7051ca1ab7efd1f48292e5c997ea7d71	男	25	"Location详解之精准匹配、正则匹配,php,正则,虚拟主机,uri"
0731a094a0c7ecd30a92363398315c38	男	25	Midaho 兔裹煎蛋卷 - 闻说笔端有风月
16825eb6d908c2c82db2129935b34859	男	25	"nba1,NBA首页第5个焦点图,nba"
9ecf2877c801e4cb68e478d8ecf5f1ed	男	25	"nba1,NBA首页第5个焦点图,nba"
16825eb6d908c2c82db2129935b34859	男	25	"nba10,NBA播放页第二个栏目,nba"
16825eb6d908c2c82db2129935b34859	男	25	"nba9,NBA播放页专辑第二个,nba"
d224747a64174cbb5050fc3e966c4e02	男	25	NGA玩家社区
a731ac8afae0863f57ac0ba7008e98ec	男	25	oppo应用商店
6226d0867327fb2fdf207dca2425ba91	男	26	OTT北京综合2
6c97392f76f1429874045da54f075803	男	25	PC登录引导
1daffc95a04afd917d97ae55f4807fb3	男	27	"plugNBA@ver6,7,-,NBA挂件,245"
0d0163e96c8cfef131ac30c2bcc1ee3d	男	26	P图后的自己VS现实中的自己，我差点哭出声！
a4d2dbba53f2063149a0d55ea7b8711d	男	26	R先生在这
6bc8d360246d34f6733f476b24da59cb	男	26	screen/登陆/新版登录/指纹登录
6bc8d360246d34f6733f476b24da59cb	男	26	screen/服务
54b13262ce935955117ce09b70c0d1b9	男	26	"sports2_nopic@ver6,7,-,体育,120,newFlag"
1daffc95a04afd917d97ae55f4807fb3	男	27	"sports2_nopic@ver6,7,-,体育,120,newFlag"
7051ca1ab7efd1f48292e5c997ea7d71	男	25	teamviewer每次开启后会变id
a308f57bceefe23a508db55de842c607	男	26	"timeline^r=^g=492vrojybvutudvj32yjdupxx10izqokd7m^u=U_492vrojybvutudvj32yjdupxx10izqokd7m^c=1^a=1^s=nnn:nvvnn^m=0^t=张学友演唱会一票难求，时代地产新品发布会震撼来袭,珠海斗门白?"
a8c1d22ccb3f98cbd04d46e7759fd66e	男	25	tvb俾咗黄宗泽二十几个女朋友，睇得嘅就只有依几个
7af8cd4f50f8b8ccb03d5fc5ea92c460	男	27	"txt,s=全部评论,h=http"
f1fca7a8d1c1328c1cd6c337953e5363	男	26	Uber司机和Uber
0f789ec0d65add3baf47f891e4f0c6b7	男	27	"UC头条：""他""跟李连杰同时出道, 花25年才大红大紫, 现抛妻弃子沦为“渣男”"
54b13262ce935955117ce09b70c0d1b9	男	26	"UC头条：《三生三世十里桃花》万万没想到擎苍的主演竟是他, 网友炸开锅"
9fff707c77e487a8ffa2d5cf766c254e	男	27	"UC头条：30岁在华正式出道被观众认可, 他是日本人妻子女儿却是中国国籍"
3b4dd9db2ebd3d1572cd55db77bc1a56	男	27	"UC头条：40岁男人每天食一碱性食物, 加快新陈代谢, 精力充沛赛过20岁小伙"
0f789ec0d65add3baf47f891e4f0c6b7	男	27	"UC头条：654个皮肤的LOL账号被封, 马化腾: 不能让我太为难"
f1fca7a8d1c1328c1cd6c337953e5363	男	26	"UC头条：70岁老太坐后备箱吹寒风, 儿子车内豪情万丈, 难道要批评的只有这样的司机?"
54b13262ce935955117ce09b70c0d1b9	男	26	UC头条：89年出生属兔? “跑男”里糖人师傅的一句话暗示baby年龄造假
cb57d6858e3e2a39ae151cae152fd830	男	25	"UC头条：LOL冯提莫晒照片论身高, 惨遭学霸无情打脸"
6226d0867327fb2fdf207dca2425ba91	男	26	"UC头条：LOL冯提莫晒照片论身高, 惨遭学霸无情打脸"
0f789ec0d65add3baf47f891e4f0c6b7	男	27	"UC头条：LOL抢注了这个ID后立马有十个陌生人加我, 一看他们的id当场笑崩"
f1fca7a8d1c1328c1cd6c337953e5363	男	26	"UC头条：曾经比赵薇还红, 三点泄露被男友嫌弃, 为母亲息影4年如今无人识"
54b13262ce935955117ce09b70c0d1b9	男	26	"UC头条：传闻连“水哥”都退赛了, 《最强大脑》将如何挽救人心"
3b4dd9db2ebd3d1572cd55db77bc1a56	男	27	"UC头条：呆萌脸蛋筋肉身材, 这个日本姑娘的下半身猛到不行"
33c4b9add943c956b835d32aa3ad1200	男	25	UC头条：迪丽热巴是否遭跑男排挤? 鹿晗一语道破事情真相
33c4b9add943c956b835d32aa3ad1200	男	25	"UC头条：迪丽热巴早年居然还上过央视新闻, 那时的胖迪是这个样子"
9fff707c77e487a8ffa2d5cf766c254e	男	27	"UC头条：动物捕食毒蛇瞬间: 这些动物都很小心, 平头哥直接当成了大辣条"
0f789ec0d65add3baf47f891e4f0c6b7	男	27	"UC头条：歌手出道, 爆红时TVB封杀, 落迫时刘德华接济, 今翻牌风光无限"
80050bc8569810fd9b7376ea9ed4d1e8	男	27	"UC头条：跟着版本强势英雄上一波分吧, 火舞荆轲都掉出榜了 快来看看现在的TOP5"
9dd9e60fddc51efc6a51b6b1c9ef0a8a	男	27	"UC头条：跟着女神姐姐逛街, 回头率老高了"
cb57d6858e3e2a39ae151cae152fd830	男	25	"UC头条：和50万的奔驰E级同平台, 配250马力发动机, 卖20万没人要"
cb57d6858e3e2a39ae151cae152fd830	男	25	"UC头条：老爸都是数十亿的总裁, 却在娱乐圈“摸爬滚打”的明星公子哥"
0f789ec0d65add3baf47f891e4f0c6b7	男	27	"UC头条：老爸都是数十亿的总裁, 却在娱乐圈“摸爬滚打”的明星公子哥"
54b13262ce935955117ce09b70c0d1b9	男	26	"UC头条：聊天冷场了就用这1招, 胜过死背100句话术"
33c4b9add943c956b835d32aa3ad1200	男	25	UC头条：明明帅气哥哥轮流宠
9ecf2877c801e4cb68e478d8ecf5f1ed	男	25	"UC头条：女生给前男友发3次“你还爱我吗”, 结局让人意想不到"
f1fca7a8d1c1328c1cd6c337953e5363	男	26	"UC头条：女子嘴唇里长出异物, 拉拽出的一刻令人舒爽"
54b13262ce935955117ce09b70c0d1b9	男	26	"UC头条：彭于晏摆脱舒淇阴影, 高调宣布与陈意涵相恋"
308863a12870de46cb3d22b60450f056	男	27	"UC头条：彭于晏摆脱舒淇阴影, 高调宣布与陈意涵相恋"
0f789ec0d65add3baf47f891e4f0c6b7	男	27	UC头条：若风: 某著名职业选手 你欠我的10万该还了
cb57d6858e3e2a39ae151cae152fd830	男	25	UC头条：外星人所为? 地球45亿年前曾遭受核攻击
54b13262ce935955117ce09b70c0d1b9	男	26	"UC头条：王鸥首次回应与刘恺威事件: 委屈背锅, 旁边何炅、撒贝宁表情亮了"
80050bc8569810fd9b7376ea9ed4d1e8	男	27	"UC头条：王者荣耀好多人用黄忠, 却不知黄忠这个BUG"
80050bc8569810fd9b7376ea9ed4d1e8	男	27	"UC头条：王者荣耀现版本ADC排行大盘点, 第一名没有争议"
54b13262ce935955117ce09b70c0d1b9	男	26	"UC头条：喜剧人3第七期: 张子栋踢馆成功没争议, 但该走的绝不是肖旭肥龙"
9ecf2877c801e4cb68e478d8ecf5f1ed	男	25	"UC头条：胸部臀部都比柳岩大, 看完这位, 柳岩的乳霸地位将不保"
3b4dd9db2ebd3d1572cd55db77bc1a56	男	27	"UC头条：胸部臀部都比柳岩大, 看完这位, 柳岩的乳霸地位将不保"
cb57d6858e3e2a39ae151cae152fd830	男	25	"UC头条：药爆料Gogoing夏季赛复出, 目标S7世界赛"
3b4dd9db2ebd3d1572cd55db77bc1a56	男	27	"UC头条：一马平川的杨紫竟然开始丰满了, 秦俊杰功不可没"
80050bc8569810fd9b7376ea9ed4d1e8	男	27	"UC头条：一语道破: 为何联盟所有球员都往骑士跑, 那怕底薪加盟也在所不惜"
0f789ec0d65add3baf47f891e4f0c6b7	男	27	UC头条：一张图形容现在LOL最火主播
54b13262ce935955117ce09b70c0d1b9	男	26	UC头条：又败给韩国人了
cb57d6858e3e2a39ae151cae152fd830	男	25	"UC头条：这款车在国外被当成宝马, 在国内却遭吐槽, 这是中国车企的悲哀"
4f7514432edca7023e7eb7831688db4a	男	25	UC头条：中俄各自对萨德部署发出最可怕警告
16825eb6d908c2c82db2129935b34859	男	25	uu9fceufpsaile8@k00220iloph@默认专辑名称@欢迎来到魔兽火锅店！看看巅峰霍华德那些鸭血大帽@indexjrkb@NBA@newnba@116
75b4dc12d8ce75f75b9b16b659f70328	男	27	vivo官网
54b13262ce935955117ce09b70c0d1b9	男	26	"wechatHot_nopic@ver6,7,-,悦读,116-115,newFlag"
fb30012522cac7a7be8755f0bf48882f	男	26	WiFi万能钥匙
c706c78b75af69ee786afd7b83ead84b	男	25	X-阿贵
79ceda450728c2ec023643836c157829	男	25	YARiS L 致炫
de9dd5f7e36de28c3dfe846c6ce2bff0	男	27	しろハメ PPV229 年明け早々街角美人を見てムラムラきたらこれ見て解消ｗｗこ...
7d912c1f4220c3fd86d28bcf9cef7314	男	27	阿强：有多少月光男孩如此幸运？
75b4dc12d8ce75f75b9b16b659f70328	男	27	爱奇艺
dddf90c899a7e8929b2dbe91cb6894f3	男	25	爱奇艺-
5d9ab2045677c13b3082d3d61380844b	男	26	爱情可遇不可求
75b4dc12d8ce75f75b9b16b659f70328	男	27	爱淘宝
75b4dc12d8ce75f75b9b16b659f70328	男	27	安居客
7051ca1ab7efd1f48292e5c997ea7d71	男	25	安卓 数据线
a77f4225e51d27f0831aae2d4cde508a	男	27	"奥运会,nba,体育直播,体育新闻,体育,腾讯体育,腾讯网,NBA直播,NBA视频,"
ea32a122a2fc516597b13b6ce85db349	男	27	"澳门 酒店713房，""灵异事件""传闻轰动省港澳"
7c41dcd2ae87c7af68ff0e384cf667d4	男	27	"澳门;澳门,中国;zh_cn"
54b13262ce935955117ce09b70c0d1b9	男	26	八达岭熊掌逃生车主：10
16825eb6d908c2c82db2129935b34859	男	25	巴恩斯
ada8cfd277ed726cf28e75f2975d5448	男	26	百姓网
4c6ec7521462d1f784cd25536b8d1c2b	男	25	帮帮我的家万分感谢 - 轻松筹
8b519db662db93dbd86649da1a90e509	男	27	包威尔 -
9326c8cac45226789990e9d3bc87203e	男	27	宝马1
79ceda450728c2ec023643836c157829	男	25	宝马5
79ceda450728c2ec023643836c157829	男	25	宝马X1
8b519db662db93dbd86649da1a90e509	男	27	爆笑
5d9ab2045677c13b3082d3d61380844b	男	26	爆笑GIF图：妹妹，你要是能把玩手机的心思放在学习上就好了?
5d9ab2045677c13b3082d3d61380844b	男	26	爆笑GIF图：原来看瑜伽也能看得人浴血喷张！【一点资讯】
f46bcc134530ed58c0e8da682ca59c0e	男	26	北京车展实拍解析：红旗L5图解1471456
3db86203a91a20fc2ca1388707ab87e6	男	27	北青网娱乐
cb6ebbdc741ca0c26b05deeb7a0adb03	男	27	北青网娱乐
cb6ebbdc741ca0c26b05deeb7a0adb03	男	27	北青网娱乐
f1fca7a8d1c1328c1cd6c337953e5363	男	26	被冤死?深圳大将晒帕戈三分绝杀图 这角度更清楚-
7d912c1f4220c3fd86d28bcf9cef7314	男	27	被这个声音圈粉了！多段习近平“两会”原声首次披露
79ceda450728c2ec023643836c157829	男	25	奔腾|奔腾
79ceda450728c2ec023643836c157829	男	25	奔腾B30
79ceda450728c2ec023643836c157829	男	25	奔腾b30
79ceda450728c2ec023643836c157829	男	25	奔腾B30|奔腾B30
edcbec02bad1d9e70990201c64c47d8b	男	25	本科生就业满意度最高十大岗位…
bd49f8f057b3f66724181fe7e6fb6a9c	男	27	鼻中隔偏曲手术拆线疼吗？_飞华健康问答
79ceda450728c2ec023643836c157829	男	25	表哭，
0d0163e96c8cfef131ac30c2bcc1ee3d	男	26	别人家哥哥VS自己家哥哥，做人的差距咋就这么大呢！
25d84a6e8649ee3f8f7db6cf634679b8	男	27	别再买车了，21万的飞机出来了...
f1fca7a8d1c1328c1cd6c337953e5363	男	26	"别在说艾弗森挥霍了10亿了, 看看他因为什么破产真让人汗颜"
c6c1e1c5e017e104a842d2a4e6c7d4f2	男	25	波奇商城爱宠更添乐趣
9ecf2877c801e4cb68e478d8ecf5f1ed	男	25	博格特决定加盟骑士 勇士夺冠功臣转投决赛对头-
7051ca1ab7efd1f48292e5c997ea7d71	男	25	补水发胶
54b13262ce935955117ce09b70c0d1b9	男	26	不懂这些？你的房本变废纸！ - 呼和浩特乐居网
410201d1f176fc6d115b399a07ce6bed	男	25	不用撬锁！不用砸窗！你车里的东西可能是这样被偷走的……
308863a12870de46cb3d22b60450f056	男	27	"财富暴涨, 乔丹摘掉nba最穷老板帽子, 重现亚历山大奇迹"
c706c78b75af69ee786afd7b83ead84b	男	25	苍井空
79ceda450728c2ec023643836c157829	男	25	查看更多致炫车型 
a685762cb749d6917ac85cb576e6f1f2	男	27	超能
a685762cb749d6917ac85cb576e6f1f2	男	27	超能zhong
a685762cb749d6917ac85cb576e6f1f2	男	27	超能重gong
a685762cb749d6917ac85cb576e6f1f2	男	27	超能重工
5d9ab2045677c13b3082d3d61380844b	男	26	"超跑聚会, 最拉风的不是法拉利、奔驰, 而是车顶八根排气管?"
6226d0867327fb2fdf207dca2425ba91	男	26	车讯网手机版-值得信赖的汽车网站
fb30012522cac7a7be8755f0bf48882f	男	26	郴州市
de9dd5f7e36de28c3dfe846c6ce2bff0	男	27	陈洁仪、苏永康 - 来夜方长
54b13262ce935955117ce09b70c0d1b9	男	26	陈乔恩穿黑色宽松挂脖长裙 竟飘出了“孕?
54b13262ce935955117ce09b70c0d1b9	男	26	陈乔恩穿黑色宽松挂脖长裙 竟飘出了“孕味”
9164eec59a2b597d1d1d286feb0cbfb0	男	27	陈奕迅 - 明年今日
9164eec59a2b597d1d1d286feb0cbfb0	男	27	陈展鹏 - 谁可改变
9164eec59a2b597d1d1d286feb0cbfb0	男	27	晨曦微露 - 有个爱你的人不容易
7ec9d0471986434d1161236706cfba99	男	26	成全 - 胡哲瑞
2d08cabfbcc7c311ddfee1840f2ceed9	男	27	诚丰广场
9326c8cac45226789990e9d3bc87203e	男	27	橙池出品——DUDU
582e86953025fdefbc648b2c87fc35be	男	25	吃完饭多久才能运动
5d9ab2045677c13b3082d3d61380844b	男	26	出人头地
410201d1f176fc6d115b399a07ce6bed	男	25	出租车莲花路按几声喇叭，竟被罚5000元！400多司机已被罚！
3db86203a91a20fc2ca1388707ab87e6	男	27	触电
308863a12870de46cb3d22b60450f056	男	27	创雅苑附近
7051ca1ab7efd1f48292e5c997ea7d71	男	25	瓷肌排浊亮肤深层净化毛孔面膜套装 - 大淘客联盟
5d9ab2045677c13b3082d3d61380844b	男	26	刺猬与玫瑰
5d9ab2045677c13b3082d3d61380844b	男	26	崔子格 - 心乱乱 -
c6c1e1c5e017e104a842d2a4e6c7d4f2	男	25	达尔优机械键盘
759bd580729df4937407725511af39f2	男	27	打算买车的注意了！这波新车教授都看硬了...
9ecf2877c801e4cb68e478d8ecf5f1ed	男	25	大妈山溪洗脚洗衣 游客称下游供人喝
5d9ab2045677c13b3082d3d61380844b	男	26	大马以谋杀罪起诉金正男案2名女性嫌犯【一点资讯】
9ecf2877c801e4cb68e478d8ecf5f1ed	男	25	大奶内衣美女床上性?
9ecf2877c801e4cb68e478d8ecf5f1ed	男	25	大奶内衣美女床上性感写真迷人诱惑1
9ecf2877c801e4cb68e478d8ecf5f1ed	男	25	大奶内衣美女床上性感写真迷人诱惑2
9ecf2877c801e4cb68e478d8ecf5f1ed	男	25	大奶内衣美女床上性感写真迷人诱惑3
9ecf2877c801e4cb68e478d8ecf5f1ed	男	25	大奶内衣美女床上性感写真迷人诱惑4
9ecf2877c801e4cb68e478d8ecf5f1ed	男	25	大奶内衣美女床上性感写真迷人诱惑5
9ecf2877c801e4cb68e478d8ecf5f1ed	男	25	大奶内衣美女床上性感写真迷人诱惑6
9ecf2877c801e4cb68e478d8ecf5f1ed	男	25	大奶内衣美女床上性感写真迷人诱惑7
bd49f8f057b3f66724181fe7e6fb6a9c	男	27	大乔来了 | 感受被4技能支配的恐惧吧
7051ca1ab7efd1f48292e5c997ea7d71	男	25	大淘客联盟（Dataoke.com
7051ca1ab7efd1f48292e5c997ea7d71	男	25	"大淘客助手,批量转链,转二合一淘口令 - 大淘客联盟"
633e58e01a450437d26ed9a63b7864dd	男	27	大新闻！e生保三大创新点成业内首创！
f1fca7a8d1c1328c1cd6c337953e5363	男	26	当善良大叔遇到文弱女孩 上演“东郭先生”现实版
f1fca7a8d1c1328c1cd6c337953e5363	男	26	当替身被李小龙踢飞6次 苦熬十年走红身价一夜暴涨1600
92692240a423e548082ed1bd2172be95	男	26	荡女主播白皙G奶诱惑
22c2af76141b86299ed660ae834ac51d	男	27	德昌
22c2af76141b86299ed660ae834ac51d	男	27	德昌盛景
f1fca7a8d1c1328c1cd6c337953e5363	男	26	德隆正式签骑士年薪40万:已联络博格特商讨联手-
f1fca7a8d1c1328c1cd6c337953e5363	男	26	邓超问女儿爱爸爸还是爱妈妈 小花妹妹这样?
9164eec59a2b597d1d1d286feb0cbfb0	男	27	邓紫棋 -
6c97392f76f1429874045da54f075803	男	25	低龄留学生的三大问题-中国人在海外 -
33c4b9add943c956b835d32aa3ad1200	男	25	迪丽热巴
7449fdb0ee38549ac58c4808236ab57a	男	27	第八百八十九章 手链的七彩之光_龙王传说_笔趣阁
7449fdb0ee38549ac58c4808236ab57a	男	27	第八百九十一章 葬龙的收获_龙王传说_笔趣阁
7449fdb0ee38549ac58c4808236ab57a	男	27	第八百九十章 梦境_龙王传说_笔趣阁
bd49f8f057b3f66724181fe7e6fb6a9c	男	27	第八百五十二章 慕子啸_武道大帝_笔趣阁
bd49f8f057b3f66724181fe7e6fb6a9c	男	27	第八百五十三章 回去捡便宜_武道大帝_笔趣阁
bd49f8f057b3f66724181fe7e6fb6a9c	男	27	第八百五十一章 墓葬之谷_武道大帝_笔趣阁
6c97392f76f1429874045da54f075803	男	25	第四十九波作品22
6c97392f76f1429874045da54f075803	男	25	第五十三波作品20
8b519db662db93dbd86649da1a90e509	男	27	电子智能自动化
9fff707c77e487a8ffa2d5cf766c254e	男	27	"东风本田国内傲娇, 投诉成灾, 客服态度冰凉"
0731a094a0c7ecd30a92363398315c38	男	25	董贞 - 成佛
0731a094a0c7ecd30a92363398315c38	男	25	董贞 - 繁花
0731a094a0c7ecd30a92363398315c38	男	25	董贞 - 枕上书
cb6ebbdc741ca0c26b05deeb7a0adb03	男	27	懂球妹
a8c1d22ccb3f98cbd04d46e7759fd66e	男	25	斗门交通执法大队周末在这里连查多辆违法网约大巴
0f789ec0d65add3baf47f891e4f0c6b7	男	27	斗门区黄杨大道南100
dddf90c899a7e8929b2dbe91cb6894f3	男	25	赌王2016-电影-高清完整版在线观看–爱奇艺
dddf90c899a7e8929b2dbe91cb6894f3	男	25	赌王2016粤语版
7271b1ddb338b326dbcebe243057002f	男	26	杜兰特成勇士最大依靠，他一价值库里都比不了-
fcdfde784a7cd1e90e3615c35d9e642c	男	26	杜汶泽 爆笑演绎 3D肉蒲TUAN 观后感 （粤语，有字幕）_土豆_高清视频在线观看
fcdfde784a7cd1e90e3615c35d9e642c	男	26	杜汶泽 爆笑演绎 3D肉蒲TUAN 观后感 （粤语，有字幕）_土豆_高清视频在线观看
0731a094a0c7ecd30a92363398315c38	男	25	渡风
a821e8d897eac90f62c49dceadb419bf	男	25	断点
633e58e01a450437d26ed9a63b7864dd	男	27	对方已拒收你的消息
224cbde15202303dc4c9f6a8475f57ab	男	26	对付变态就要用更变态的方式，看得我神清气爽！
9ecf2877c801e4cb68e478d8ecf5f1ed	男	25	儿子与漂亮妈妈乱伦 母子乱伦的背后_养生吧
c77110bdbc19bc19aa6813bac474ee27	男	26	二手车
224cbde15202303dc4c9f6a8475f57ab	男	26	"二手房,新房,租房,买房,写?"
d224747a64174cbb5050fc3e966c4e02	男	25	发配海南，需要注意啥嘛
0731a094a0c7ecd30a92363398315c38	男	25	繁花
4e0d2322ec361efc35d837ad17d486ce	男	26	方小喵
9ecf2877c801e4cb68e478d8ecf5f1ed	男	25	防不住?水原2角球进2球 恒大懵了:套路太深-
f1fca7a8d1c1328c1cd6c337953e5363	男	26	防不住?水原2角球进2球 恒大懵了:套路太深-
79ceda450728c2ec023643836c157829	男	25	飞度|飞度
3b4dd9db2ebd3d1572cd55db77bc1a56	男	27	分类页
f1fca7a8d1c1328c1cd6c337953e5363	男	26	粉丝地铁看S.影片 抬头竟看到Selina凑到身边-
9ecf2877c801e4cb68e478d8ecf5f1ed	男	25	丰臀巨乳性感美媚闺?
9ecf2877c801e4cb68e478d8ecf5f1ed	男	25	丰臀巨乳性感美媚闺房内衣迷人写真1
9ecf2877c801e4cb68e478d8ecf5f1ed	男	25	丰臀巨乳性感美媚闺房内衣迷人写真2
54b13262ce935955117ce09b70c0d1b9	男	26	凤凰
9326c8cac45226789990e9d3bc87203e	男	27	服务报价 - 唯一视觉·全球旅拍
224cbde15202303dc4c9f6a8475f57ab	男	26	服务专区
f1fca7a8d1c1328c1cd6c337953e5363	男	26	"福建莆田共享单车丢70％ 真的由国民素质""背锅""?_手机网易网"
d035fada7470ff6c6b27e3157d0507c0	男	26	福溪北
da08efe7e4c0a388943ca89eb19a2931	男	26	副主任科员
a77f4225e51d27f0831aae2d4cde508a	男	27	傅嘉莉不否认吴卓羲追求 默认恋情却惨遭吴卓羲打脸【图】_海峡网
a731ac8afae0863f57ac0ba7008e98ec	男	25	赶时间，换用其他交通工具
7ec9d0471986434d1161236706cfba99	男	26	感谢收听
de9dd5f7e36de28c3dfe846c6ce2bff0	男	27	干妈让我使劲往里插 - 国产自拍_最新国产自拍_高清国产自拍_国产九九自拍 -
54b13262ce935955117ce09b70c0d1b9	男	26	刚刚！珠海一个决定，阳江茂名31多万?
f1fca7a8d1c1328c1cd6c337953e5363	男	26	刚刚！珠海一个决定，阳江茂名31多万?
54b13262ce935955117ce09b70c0d1b9	男	26	刚刚！珠海一个决定，阳江茂名31多万人因此受益！
f1fca7a8d1c1328c1cd6c337953e5363	男	26	刚刚！珠海一个决定，阳江茂名31多万人因此受益！
82ebfd3e6579d87ca716137935b5bb8e	男	26	刚刚，14亿人愤怒了！这家韩国巨头惹事了！
7ec9d0471986434d1161236706cfba99	男	26	刚刚好 - 方支旺
d224747a64174cbb5050fc3e966c4e02	男	25	刚接到通知，要清查乐天的合作伙伴。
f043ebf84df30ed903af65342914a77b	男	27	高塘石综合市场
c33091067b39340f3dfb4ff9477e2a08	男	25	高校食堂改星空餐厅
edcbec02bad1d9e70990201c64c47d8b	男	25	高新工程顾问有限公司 - 百度
5d9ab2045677c13b3082d3d61380844b	男	26	搞笑GIF|以前我们一家四口腰力都这么好…
5d9ab2045677c13b3082d3d61380844b	男	26	搞笑gif图：敢看不起老娘？老娘钱多得可以砸死你！【一点资?
5d9ab2045677c13b3082d3d61380844b	男	26	搞笑视频|二货碰瓷，笑了我一天！
030c4b79caab1275e40c6d0c5926ce62	男	25	搞笑图片_内涵图片 -
3db86203a91a20fc2ca1388707ab87e6	男	27	根管治疗
0f789ec0d65add3baf47f891e4f0c6b7	男	27	根记 珠海市香
c77110bdbc19bc19aa6813bac474ee27	男	26	工商银行全球网银加速
7ec9d0471986434d1161236706cfba99	男	26	工业大道2
308863a12870de46cb3d22b60450f056	男	27	共享单车遭人私自上锁: 网友路见不平 下一幕跪了
c706c78b75af69ee786afd7b83ead84b	男	25	共享汽车来珠海啦！车型、使用方法抢先看！
91bc3ae4fa06c77974d2b9f45abfe91f	男	26	共享汽车来珠海啦！还有你不知道的劲爆信息…
3b4dd9db2ebd3d1572cd55db77bc1a56	男	27	共享汽车来珠海了！我们金湾区也有！有驾照的随开随还！
dddf90c899a7e8929b2dbe91cb6894f3	男	25	购买VIP会员
a1849344b4a501becea961bca8b469eb	男	27	古巨蜥好几吨重，但在我们智人祖先面前也是枉然 | 袁硕 一席第449位讲者
e84df8de837b66b65573977fd588de9a	男	25	古柳老人走了之后、谁来接替城都冰系道馆馆主？
9164eec59a2b597d1d1d286feb0cbfb0	男	27	关心妍 - 终点
7d912c1f4220c3fd86d28bcf9cef7314	男	27	关于“打飞机”的那些事
7ec9d0471986434d1161236706cfba99	男	26	官方蓝
7271b1ddb338b326dbcebe243057002f	男	26	官方实力榜勇士继续领跑 火箭返前3骑士跌出三甲-
9ecf2877c801e4cb68e478d8ecf5f1ed	男	25	官员与女子发生性关系时被闯入拍照
f46bcc134530ed58c0e8da682ca59c0e	男	26	光良 - 第一次
224cbde15202303dc4c9f6a8475f57ab	男	26	广昌
f1fca7a8d1c1328c1cd6c337953e5363	男	26	广东3-0横扫四川进半决赛 阿联20
ef4c88a7d4104162ddf1cdbe6e1cefc6	男	27	广东平时/假期祈福好去处：丹霞山别传寺- 广州本地宝
ef4c88a7d4104162ddf1cdbe6e1cefc6	男	27	广东平时/假期祈福好去处：丹霞山别传寺- 广州本地宝
ef4c88a7d4104162ddf1cdbe6e1cefc6	男	27	广东平时/假期祈福好去处：广州光孝寺- 广州本地宝
ef4c88a7d4104162ddf1cdbe6e1cefc6	男	27	广东平时/假期祈福好去处：韶关南华寺- 广州本地宝
ef4c88a7d4104162ddf1cdbe6e1cefc6	男	27	广东平时/假期祈福好去处：韶关云门寺- 广州本地宝
ef4c88a7d4104162ddf1cdbe6e1cefc6	男	27	广东平时/假期祈福好去处：深圳弘法寺- 广州本地宝
ef4c88a7d4104162ddf1cdbe6e1cefc6	男	27	广东平时/假期祈福好去处：中山西山寺- 广州本地宝
ef4c88a7d4104162ddf1cdbe6e1cefc6	男	27	广东省比较出名的寺庙
a4d2dbba53f2063149a0d55ea7b8711d	男	26	广东无线中心
bfda302a52011a86e3eaefaff919d010	男	27	广东邮电职业技术
7d912c1f4220c3fd86d28bcf9cef7314	男	27	广东又有一条村刷爆朋友圈，全村分红6.6亿每户上百万！网友：求入赘
6af72c854b580b8fd0d5d51b988fd6bd	男	27	广发银行珠海分行招聘公告
6c97392f76f1429874045da54f075803	男	25	广运巴士
cb6ebbdc741ca0c26b05deeb7a0adb03	男	27	广州绿地中央广?
cb6ebbdc741ca0c26b05deeb7a0adb03	男	27	广州绿地中央广场 ?
8b519db662db93dbd86649da1a90e509	男	27	广州市公安局招警宣传-天河区分局
7d912c1f4220c3fd86d28bcf9cef7314	男	27	滚出中国！今天，14亿人愤怒了！
9dd9e60fddc51efc6a51b6b1c9ef0a8a	男	27	"锅里煮人头, 最令人恐怖的考古发现"
54b13262ce935955117ce09b70c0d1b9	男	26	国产002航母是否用电磁弹射 马伟明院士已给出答案-军事畅谈-超级大本营军事论坛-最具影响力军事论坛 - 手机版
de9dd5f7e36de28c3dfe846c6ce2bff0	男	27	国产自拍_最新国产自拍_高清国产自拍_国产九九自拍 - 九色腾只为高清而生
4f7514432edca7023e7eb7831688db4a	男	25	国际
7271b1ddb338b326dbcebe243057002f	男	26	国际-新闻
3db86203a91a20fc2ca1388707ab87e6	男	27	国际在线
1b73ea82f201274cf40fe41bb900a69d	男	26	国家企业信用信息公示系统
9ecf2877c801e4cb68e478d8ecf5f1ed	男	25	国内最美的女星：身价过亿，至今还是单身-
c33091067b39340f3dfb4ff9477e2a08	男	25	国通快递欠费停运
e84df8de837b66b65573977fd588de9a	男	25	哈克龙
5d9ab2045677c13b3082d3d61380844b	男	26	海鸣威 - 你的承诺 -
224cbde15202303dc4c9f6a8475f57ab	男	26	"海雅君悦 广珠城轨南头站 自带大型商业综合体 精装两成首付,海雅君悦二手房-中山安居客"
224cbde15202303dc4c9f6a8475f57ab	男	26	"海雅君悦花园楼盘-海雅君悦花园价格,户型图 - 中山手"
54b13262ce935955117ce09b70c0d1b9	男	26	韩国代购抵制乐天免税店: 不挣这份儿钱了
f1fca7a8d1c1328c1cd6c337953e5363	男	26	韩国代购抵制乐天免税店: 不挣这份儿钱了
54b13262ce935955117ce09b70c0d1b9	男	26	行为统计
7271b1ddb338b326dbcebe243057002f	男	26	行为统计
7ec9d0471986434d1161236706cfba99	男	26	好易唱音乐艺术 - 成全
7ec9d0471986434d1161236706cfba99	男	26	好易唱音乐艺术 - 匆匆那年
7ec9d0471986434d1161236706cfba99	男	26	好易唱音乐艺术 - 离人
de9dd5f7e36de28c3dfe846c6ce2bff0	男	27	好主人旗舰店
e84df8de837b66b65573977fd588de9a	男	25	何为宅文？若是宅文想必有其特点吧？也就是与别的文区分点
670f9d6d0b4837ffba19f02c370da8e6	男	25	和风山
0731a094a0c7ecd30a92363398315c38	男	25	河图 - 第三十八年夏至
0731a094a0c7ecd30a92363398315c38	男	25	河图 - 倾尽天下
f1fca7a8d1c1328c1cd6c337953e5363	男	26	黑暗中的孤影-
dddf90c899a7e8929b2dbe91cb6894f3	男	25	嘿咻影院
0731a094a0c7ecd30a92363398315c38	男	25	恒大集团-服务器工程师-数据中心
0731a094a0c7ecd30a92363398315c38	男	25	恒大集团-行政工商管理
0731a094a0c7ecd30a92363398315c38	男	25	恒大集团-健康管理经理
0731a094a0c7ecd30a92363398315c38	男	25	恒大集团微招聘
0731a094a0c7ecd30a92363398315c38	男	25	恒大集团-应用系统工程师-酒店公共系统
0731a094a0c7ecd30a92363398315c38	男	25	恒大集团-招聘职位
224cbde15202303dc4c9f6a8475f57ab	男	26	恒裕江山汇
224cbde15202303dc4c9f6a8475f57ab	男	26	横琴总部大厦 珠海市金湾区
ace10b6d9f92a2d7e92b621ee93835d0	男	27	红头文件的制作
3db86203a91a20fc2ca1388707ab87e6	男	27	红星新闻
3db86203a91a20fc2ca1388707ab87e6	男	27	红一
a731ac8afae0863f57ac0ba7008e98ec	男	25	喉咙上火可以吃芒果吗？
a731ac8afae0863f57ac0ba7008e98ec	男	25	喉咙上你
a731ac8afae0863f57ac0ba7008e98ec	男	25	喉咙痛可以吃芒果吗
cb6ebbdc741ca0c26b05deeb7a0adb03	男	27	虎扑足球
0f789ec0d65add3baf47f891e4f0c6b7	男	27	互联网
6c97392f76f1429874045da54f075803	男	25	沪江教育 -目录
82ebfd3e6579d87ca716137935b5bb8e	男	26	花了4年，他们终于建成最艺术的基站！
224cbde15202303dc4c9f6a8475f57ab	男	26	华发峰尚
82ebfd3e6579d87ca716137935b5bb8e	男	26	华为徐直军：“全云化”广受认可  中国运营商已走在全球领先路上
a77f4225e51d27f0831aae2d4cde508a	男	27	华信大厦
fd00f395072afb14927d63632a928eba	男	25	画江湖之不良人
16825eb6d908c2c82db2129935b34859	男	25	欢迎来到魔兽火锅店！看看巅峰霍华德那些鸭血大帽
3db86203a91a20fc2ca1388707ab87e6	男	27	环球网
cb6ebbdc741ca0c26b05deeb7a0adb03	男	27	环球网
dddf90c899a7e8929b2dbe91cb6894f3	男	25	黄狗仔?
bfda302a52011a86e3eaefaff919d010	男	27	黄桂超
f1fca7a8d1c1328c1cd6c337953e5363	男	26	黄宗泽将离开TVB 马浚伟拍剧疲累致眼球陷入-
a821e8d897eac90f62c49dceadb419bf	男	25	会痛的石头
f1fca7a8d1c1328c1cd6c337953e5363	男	26	婚姻法24条争议多 国家一级法律错误
7051ca1ab7efd1f48292e5c997ea7d71	男	25	火鸡面
fb30012522cac7a7be8755f0bf48882f	男	26	鸡蛋仔
fb30012522cac7a7be8755f0bf48882f	男	26	鸡排
0f789ec0d65add3baf47f891e4f0c6b7	男	27	吉大水湾头根记烧
9164eec59a2b597d1d1d286feb0cbfb0	男	27	吉克隽逸 - 彩色的黑
1daffc95a04afd917d97ae55f4807fb3	男	27	集团
f1fca7a8d1c1328c1cd6c337953e5363	男	26	记者火车站买充电宝被坑-手机新浪网
7d912c1f4220c3fd86d28bcf9cef7314	男	27	既然乐天这么爱国，我们也没理由不抵制它！
9ecf2877c801e4cb68e478d8ecf5f1ed	男	25	暨南大学ods系统提出来的数据格式.xls/暨南大学ods系统提出来的数据格式.files
9ecf2877c801e4cb68e478d8ecf5f1ed	男	25	暨南大学ods系统提出来的数据格式.xls/暨南大学ods系统提出来的数据格式.html
54b13262ce935955117ce09b70c0d1b9	男	26	减肥瘦了40多斤，老公晚上竟然想和我...
fb30012522cac7a7be8755f0bf48882f	男	26	交易消息
6c97392f76f1429874045da54f075803	男	25	今日头条
ed20ecd49a7decb2460a1bae4cd30ff4	男	26	今日头条
a77f4225e51d27f0831aae2d4cde508a	男	27	今日头条
ada8cfd277ed726cf28e75f2975d5448	男	26	今天，斗门、金湾、香洲…都在看这个，提高警惕！
633e58e01a450437d26ed9a63b7864dd	男	27	今天起，10类人可申请入户！珠海开始实施人才引进核准办法
5d9ab2045677c13b3082d3d61380844b	男	26	今天提?
1f90f3fba5d4155141f57bc988bfc08e	男	25	今天最魔性的3个短视频
7ec9d0471986434d1161236706cfba99	男	26	今晚，我为什么要黑掉百度【一点资讯】
8b519db662db93dbd86649da1a90e509	男	27	金匮肾气丸的副作用？    治疗肾亏用了金匮肾气丸有一个多月了 总是感觉效果不
8b519db662db93dbd86649da1a90e509	男	27	金匮肾气丸的副作用？ _快速问医生_免费咨询
c33091067b39340f3dfb4ff9477e2a08	男	25	金毛走丢报警求助
a821e8d897eac90f62c49dceadb419bf	男	25	金南玲 - 逆流成河
670f9d6d0b4837ffba19f02c370da8e6	男	25	金台寺
3b4dd9db2ebd3d1572cd55db77bc1a56	男	27	"金钟国旅游不忘带妈妈,但是"
33c4b9add943c956b835d32aa3ad1200	男	25	锦江之星(杭州萧山国际机场店)
0731a094a0c7ecd30a92363398315c38	男	25	锦鲤抄
54b13262ce935955117ce09b70c0d1b9	男	26	近期想买房的要留意 银行首套房贷利率升至9
54b13262ce935955117ce09b70c0d1b9	男	26	劲爆！珠海明起全面实施人才引进核?
410201d1f176fc6d115b399a07ce6bed	男	25	劲爆！珠海明起全面实施人才引进核准办法！10类人才赶紧申请入户！
54b13262ce935955117ce09b70c0d1b9	男	26	劲爆！珠海明起全面实施人才引进核准办法！10类人才赶紧申请入户！
c77110bdbc19bc19aa6813bac474ee27	男	26	劲爆！珠海明起全面实施人才引进核准办法！10类人才赶紧申请入户！
0d0163e96c8cfef131ac30c2bcc1ee3d	男	26	惊！男子骑马上街被车撞飞……
633e58e01a450437d26ed9a63b7864dd	男	27	惊险！他们与死神擦肩而过。。。
d224747a64174cbb5050fc3e966c4e02	男	25	精灵宝可梦/口袋妖怪系列游戏讨论区
c33091067b39340f3dfb4ff9477e2a08	男	25	景观湖捞野生大鱼
0731a094a0c7ecd30a92363398315c38	男	25	就算没有如果
fcdfde784a7cd1e90e3615c35d9e642c	男	26	就算原作游戏再神，如果改写成小说也会变得非常智障！ - 二三次元
2d08cabfbcc7c311ddfee1840f2ceed9	男	27	就在刚刚，共享汽车来珠海了！
54b13262ce935955117ce09b70c0d1b9	男	26	局座现在在海峡两岸上说，第三四艘都是蒸汽?
cb6ebbdc741ca0c26b05deeb7a0adb03	男	27	橘子娱乐
4f7514432edca7023e7eb7831688db4a	男	25	军事
54b13262ce935955117ce09b70c0d1b9	男	26	军事畅谈-≡ 超级军事区 ≡-超级大本营军事论坛-
7271b1ddb338b326dbcebe243057002f	男	26	考神被禁赛损失15万 照嗨
7051ca1ab7efd1f48292e5c997ea7d71	男	25	烤箱
cb57d6858e3e2a39ae151cae152fd830	男	25	科学探索
9fff707c77e487a8ffa2d5cf766c254e	男	27	科学探索
80050bc8569810fd9b7376ea9ed4d1e8	男	27	可选双边共四出排气 WEY
8b519db662db93dbd86649da1a90e509	男	27	恐怖漫画
08d31232d62c6115ec8ce44a9a57e4fb	男	25	口味酱的iPhone
79ceda450728c2ec023643836c157829	男	25	哭啥
16825eb6d908c2c82db2129935b34859	男	25	库里
7271b1ddb338b326dbcebe243057002f	男	26	库里要哭了，本赛季最会投三分的球队是火箭就算了，勇士只排第六-
a821e8d897eac90f62c49dceadb419bf	男	25	酷狗音乐
c77110bdbc19bc19aa6813bac474ee27	男	26	跨城顺风车50元起 神州租车再放大招_要闻_数字报_奥一网
de9dd5f7e36de28c3dfe846c6ce2bff0	男	27	快感地獄大乱交９Ｐ連続女姦プレイ - 日本欧美群交电影 - 九色腾只为高清?
f1fca7a8d1c1328c1cd6c337953e5363	男	26	宽带真相调查
4e0d2322ec361efc35d837ad17d486ce	男	26	辣眼睛！到ATM提款惊见男女在爱爱　活春宫吓坏大家--奇闻趣图--科技--首页
0d0163e96c8cfef131ac30c2bcc1ee3d	男	26	来不及解释了！快上车！
c706c78b75af69ee786afd7b83ead84b	男	25	来自男法的神秘大礼
a821e8d897eac90f62c49dceadb419bf	男	25	赖伟锋 - 闹够了没有
0f789ec0d65add3baf47f891e4f0c6b7	男	27	兰博基尼毒药 全国仅此一台_兰博基尼论坛_手机汽车之家
1f90f3fba5d4155141f57bc988bfc08e	男	25	老司机是不会犯这种错的！看完这些你还敢不系安全带吗？
54b13262ce935955117ce09b70c0d1b9	男	26	老外的成人玩具，设计简直棒呆了！_手机?
54b13262ce935955117ce09b70c0d1b9	男	26	老外的成人玩具，设计简直棒呆了！_手机凤凰网
54b13262ce935955117ce09b70c0d1b9	男	26	乐居说房：买房准备多少钱合适？重点考虑这六大预算 - 呼和浩特乐居网
4f7514432edca7023e7eb7831688db4a	男	25	乐天集团在中国有多大规模?
c6c1e1c5e017e104a842d2a4e6c7d4f2	男	25	雷蛇
4e0d2322ec361efc35d837ad17d486ce	男	26	离线合成SDK
79ceda450728c2ec023643836c157829	男	25	骊威|骊威
f46bcc134530ed58c0e8da682ca59c0e	男	26	黎瑞恩 - 爱你这样傻
3b4dd9db2ebd3d1572cd55db77bc1a56	男	27	李光洙特辑观看指南全攻略
7d912c1f4220c3fd86d28bcf9cef7314	男	27	李健《歌手》上演催泪杀 ！
de9dd5f7e36de28c3dfe846c6ce2bff0	男	27	李克勤 -
a8c1d22ccb3f98cbd04d46e7759fd66e	男	25	李荣浩 - 小芳
582e86953025fdefbc648b2c87fc35be	男	25	鲤鱼王cavy的个人频道 - 视频列表
9dd9e60fddc51efc6a51b6b1c9ef0a8a	男	27	历史
a821e8d897eac90f62c49dceadb419bf	男	25	恋人心
f46bcc134530ed58c0e8da682ca59c0e	男	26	林峯 - 幼稚完
54b13262ce935955117ce09b70c0d1b9	男	26	林妙可通过中国音乐学院二试_手机新浪网
9164eec59a2b597d1d1d286feb0cbfb0	男	27	林夏薇 - 很想讨厌你
f46bcc134530ed58c0e8da682ca59c0e	男	26	林志颖 - 心云
0731a094a0c7ecd30a92363398315c38	男	25	刘珂矣 - 渡风
da08efe7e4c0a388943ca89eb19a2931	男	26	刘医师《左颊癌股前外侧分页瓣修复》-KQ88成实的博客-KQ88口腔博客
6c97392f76f1429874045da54f075803	男	25	留学
308863a12870de46cb3d22b60450f056	男	27	流量狂欢盛宴
f46bcc134530ed58c0e8da682ca59c0e	男	26	六哲 - 累了走了散了
5d9ab2045677c13b3082d3d61380844b	男	26	龙梅子 - 下辈子做你的女人 -
7449fdb0ee38549ac58c4808236ab57a	男	27	龙王传说最新章节_龙王传说无弹窗_笔趣阁
6226d0867327fb2fdf207dca2425ba91	男	26	龙珠三套直播间-龙珠直播
3db86203a91a20fc2ca1388707ab87e6	男	27	炉石传说
e84df8de837b66b65573977fd588de9a	男	25	路明非
f1fca7a8d1c1328c1cd6c337953e5363	男	26	轮胎扎了直接换备胎? 你可知道非全尺寸备胎的奥秘
5d9ab2045677c13b3082d3d61380844b	男	26	论坛_手机汽车之家
d224747a64174cbb5050fc3e966c4e02	男	25	论相亲是怎么谈崩的
f1fca7a8d1c1328c1cd6c337953e5363	男	26	罗大佑演唱会亏损上百万，网友骂：活该
c33091067b39340f3dfb4ff9477e2a08	男	25	旅美熊猫回国
e84df8de837b66b65573977fd588de9a	男	25	略扫《贞观大闲人》
5d9ab2045677c13b3082d3d61380844b	男	26	卖肉的商贩，竟不知手中的砧板竟可以换辆奥迪A6！【一点资?
5d9ab2045677c13b3082d3d61380844b	男	26	满山食人蚁的地方 专门以小动物为食 没几个人敢去【一点资
3db86203a91a20fc2ca1388707ab87e6	男	27	芒果健身
bd49f8f057b3f66724181fe7e6fb6a9c	男	27	没来，你后悔了吧？我有后悔药！
82ebfd3e6579d87ca716137935b5bb8e	男	26	没有谁的独来独往是与生俱来的
a8c1d22ccb3f98cbd04d46e7759fd66e	男	25	没有牙、视力又很烂，这个只会滚成球的小动物就快灭绝了
6c97392f76f1429874045da54f075803	男	25	每当夜深人静的时候。
da08efe7e4c0a388943ca89eb19a2931	男	26	每个人心中都有一首无法自拔的张学友
91bc3ae4fa06c77974d2b9f45abfe91f	男	26	美到哭！香洲首届风车游乐园开园了，免费门票无限送！
2d08cabfbcc7c311ddfee1840f2ceed9	男	27	美到哭！香洲首届风车游乐园开园了，免费门票无限送！
bd49f8f057b3f66724181fe7e6fb6a9c	男	27	美到哭！香洲首届风车游乐园开园了，免费门票无限送！
1f90f3fba5d4155141f57bc988bfc08e	男	25	美国的法庭什么样？这位老法官用智慧和温情征服了所有人
43551382a13efd1b475aaf3dee618953	男	27	门票免费送
a821e8d897eac90f62c49dceadb419bf	男	25	萌萌哒天团 - 帝都
54b13262ce935955117ce09b70c0d1b9	男	26	蒙古遭大暴雪袭击，草谷不足，牲畜大批死亡-
7051ca1ab7efd1f48292e5c997ea7d71	男	25	免费代理IP_HTTP代理服务器IP_隐藏IP_QQ代理_国内外代理_西刺免费代...
7051ca1ab7efd1f48292e5c997ea7d71	男	25	免费领取3GB流量看天翼视讯
92692240a423e548082ed1bd2172be95	男	26	免费领取3GB流量看天翼视讯
de9dd5f7e36de28c3dfe846c6ce2bff0	男	27	喵女沙发无套爆操2
7d912c1f4220c3fd86d28bcf9cef7314	男	27	秒变大富翁，好久没看到这么刺激的直播节目了！
33c4b9add943c956b835d32aa3ad1200	男	25	民宿客栈
4e9a7196b57228a97653cd27cc6d9da2	男	27	"名师风采,南方IT学院师资团队,师资力量"
4e9a7196b57228a97653cd27cc6d9da2	男	27	"名师风采,南方IT学院师资团队,师资力量"
9ecf2877c801e4cb68e478d8ecf5f1ed	男	25	"明朝最聪明谋士: 堪比刘伯温, 皇帝赐其免死金牌, 毛主席称赞不已"
a821e8d897eac90f62c49dceadb419bf	男	25	明后两天！世界500强央企1
8b519db662db93dbd86649da1a90e509	男	27	明星开宾馆不拉窗帘，网友：我只想知道他俩是谁
82ebfd3e6579d87ca716137935b5bb8e	男	26	那年夏天
759bd580729df4937407725511af39f2	男	27	那些10多万的“宝马路虎”混的怎么样？
edcbec02bad1d9e70990201c64c47d8b	男	25	那些一边工作一边考公的人，都是怎么上岸的？
5d9ab2045677c13b3082d3d61380844b	男	26	男人的痛你永远不会懂
a731ec7b1205fb6b2a25181a192dec9f	男	25	男士 -
9ecf2877c801e4cb68e478d8ecf5f1ed	男	25	男主持人伸咸猪手 女模特遭揩油时直接反击解气现场曝光
4e0d2322ec361efc35d837ad17d486ce	男	26	男主持人伸咸猪手 女模特遭揩油时直接反击解气现场曝光
3b4dd9db2ebd3d1572cd55db77bc1a56	男	27	男主持人伸咸猪手 女模特遭揩油时直接反击解气现场曝光
9ecf2877c801e4cb68e478d8ecf5f1ed	男	25	男子长相好获女网友青睐 迷奸对方
f1fca7a8d1c1328c1cd6c337953e5363	男	26	男子长相好获女网友青睐 迷奸对方
4e9a7196b57228a97653cd27cc6d9da2	男	27	南方IT学院 珠海一职实验学校新春喜迎贵宾团
8097dab8e5cf66f1767f8baa449d6c59	男	25	南屏科技园
224cbde15202303dc4c9f6a8475f57ab	男	26	南屏科技园
5d9ab2045677c13b3082d3d61380844b	男	26	难以抗?
54b13262ce935955117ce09b70c0d1b9	男	26	闹市河中捞上一具女尸 上身缠绕八根铁链_手机凤凰网
4c6ec7521462d1f784cd25536b8d1c2b	男	25	内涵段子
a731ec7b1205fb6b2a25181a192dec9f	男	25	内涵段子
0693bf4381b2c85dab53cae5205d7b9d	男	27	内涵段子
8b519db662db93dbd86649da1a90e509	男	27	内涵段子
0d0163e96c8cfef131ac30c2bcc1ee3d	男	26	尼玛！劳资总算知道刘备为什么能当老大了！
0d0163e96c8cfef131ac30c2bcc1ee3d	男	26	尼玛！说好建国之后不许成精的呢！
0f789ec0d65add3baf47f891e4f0c6b7	男	27	"你的营销做那么好, 客户为啥不买单?"
bd49f8f057b3f66724181fe7e6fb6a9c	男	27	"你给母校拖后腿了吗？广东138所高校毕业生""钱途榜""前十，珠海上了仨！"
7ec9d0471986434d1161236706cfba99	男	26	你好，加了些混响效果，让声音和伴奏更为和谐。
f1fca7a8d1c1328c1cd6c337953e5363	男	26	你若不离，我定不弃，长腿妹子的一路陪伴_奔腾B50论坛_手机汽车之家
8479fd7329d1b2fe78c3816c837d11f7	男	27	逆青春 全文阅读无弹窗广告_蓝色书吧手机版
8479fd7329d1b2fe78c3816c837d11f7	男	27	逆青春_
8479fd7329d1b2fe78c3816c837d11f7	男	27	逆青春最新章节列表_逆青春无弹窗_笔趣阁
5d9ab2045677c13b3082d3d61380844b	男	26	农村好兄弟结婚我开劳斯莱斯去接亲，刚到路口就悲剧了！?
1daffc95a04afd917d97ae55f4807fb3	男	27	女会计月薪3000，节俭一年买下一套100万的房子！看完给跪了……
5d9ab2045677c13b3082d3d61380844b	男	26	女生下面紧是一种什么体验？
de9dd5f7e36de28c3dfe846c6ce2bff0	男	27	女同电影 - 九色腾只为高清而生
9ecf2877c801e4cb68e478d8ecf5f1ed	男	25	女星轮奸案疑与当地影业竞争有关
f1fca7a8d1c1328c1cd6c337953e5363	男	26	女星轮奸案疑与当地影业竞争有关
6226d0867327fb2fdf207dca2425ba91	男	26	"女星为上位强奸戏也为展现自己, 牺牲色相狂飙演技"
308863a12870de46cb3d22b60450f056	男	27	"女星为上位强奸戏也为展现自己, 牺牲色相狂飙演技"
9ecf2877c801e4cb68e478d8ecf5f1ed	男	25	女子迷上当狗10
f1fca7a8d1c1328c1cd6c337953e5363	男	26	女子生下儿子6天后又生双胞胎女儿
54b13262ce935955117ce09b70c0d1b9	男	26	女子医院大楼欲跳楼 消防员飞身一脚踹回_手机凤凰网
c33091067b39340f3dfb4ff9477e2a08	男	25	女子凿冰捉鱼落水
1b73ea82f201274cf40fe41bb900a69d	男	26	帕萨特qu
1b73ea82f201274cf40fe41bb900a69d	男	26	帕萨特ru
1b73ea82f201274cf40fe41bb900a69d	男	26	帕萨特sui
1b73ea82f201274cf40fe41bb900a69d	男	26	帕萨特如何lag
1b73ea82f201274cf40fe41bb900a69d	男	26	帕萨特如何lai
1b73ea82f201274cf40fe41bb900a69d	男	26	帕萨特如何开you
1b73ea82f201274cf40fe41bb900a69d	男	26	帕萨特如何开zou
1b73ea82f201274cf40fe41bb900a69d	男	26	帕萨特如何开油箱
7af8cd4f50f8b8ccb03d5fc5ea92c460	男	27	盘点|西部前八各支队的X因素_手机新浪网
f46bcc134530ed58c0e8da682ca59c0e	男	26	彭羚 - 让我跟你走
a731ec7b1205fb6b2a25181a192dec9f	男	25	乒乓球改革已两年，乒乓球改革后材料 - 球星网
2d08cabfbcc7c311ddfee1840f2ceed9	男	27	平沙
9fff707c77e487a8ffa2d5cf766c254e	男	27	平头哥蜜獾被响尾蛇毒晕，几分钟后清醒过来继续吃蛇！
c33091067b39340f3dfb4ff9477e2a08	男	25	苹果超1000名工程师研发AR 或跟iPhone8同发
8097dab8e5cf66f1767f8baa449d6c59	男	25	苹果品牌馆
80050bc8569810fd9b7376ea9ed4d1e8	男	27	曝杜兰特可能缺阵数月
7d912c1f4220c3fd86d28bcf9cef7314	男	27	曝光！揭阳有谁认识这两个男的！三次做这种龌龊事！
f1fca7a8d1c1328c1cd6c337953e5363	男	26	妻子沉迷麻将不顾家 男子谎报赌博警情20余次-
a821e8d897eac90f62c49dceadb419bf	男	25	齐晨 - 咱们结婚吧
7ec9d0471986434d1161236706cfba99	男	26	其实
dddf90c899a7e8929b2dbe91cb6894f3	男	25	奇艺高清视频
16825eb6d908c2c82db2129935b34859	男	25	骑士
5d9ab2045677c13b3082d3d61380844b	男	26	起亚K5论坛_手机汽车之家
5d9ab2045677c13b3082d3d61380844b	男	26	起亚新?
cb57d6858e3e2a39ae151cae152fd830	男	25	汽车
5d9ab2045677c13b3082d3d61380844b	男	26	汽车?
c706c78b75af69ee786afd7b83ead84b	男	25	汽车票预订-汽车票
c706c78b75af69ee786afd7b83ead84b	男	25	汽车票预订-日期选择
5d9ab2045677c13b3082d3d61380844b	男	26	汽车之家
80050bc8569810fd9b7376ea9ed4d1e8	男	27	汽车之家
582e86953025fdefbc648b2c87fc35be	男	25	签约中铁和中建哪个好
ed20ecd49a7decb2460a1bae4cd30ff4	男	26	前山总站
80050bc8569810fd9b7376ea9ed4d1e8	男	27	抢先实拍长城 WEY
7051ca1ab7efd1f48292e5c997ea7d71	男	25	亲爱哒，象仔全心全意为您服务噢
bd49f8f057b3f66724181fe7e6fb6a9c	男	27	亲测！东莞共享单车的骑行体验，告诉你谁家的单车最强！
8b519db662db93dbd86649da1a90e509	男	27	"秦岚短发造型惊艳全场, 然?"
8b519db662db93dbd86649da1a90e509	男	27	青春不负梦想 羊城卫士担当
9326c8cac45226789990e9d3bc87203e	男	27	青岛报价 - 唯一视觉·全球旅拍
43551382a13efd1b475aaf3dee618953	男	27	蜻蜓微社区
08d31232d62c6115ec8ce44a9a57e4fb	男	25	情侣南路北
ec08829fdb29d0514eb99b328322523e	男	27	情缘戒，细微之处戒邪淫－－学佛网
f1fca7a8d1c1328c1cd6c337953e5363	男	26	球探网触屏版
3db86203a91a20fc2ca1388707ab87e6	男	27	驱动之家
d224747a64174cbb5050fc3e966c4e02	男	25	娶个胸大又好骗的老婆是什么体验
7051ca1ab7efd1f48292e5c997ea7d71	男	25	全网首发优惠券 - 大淘客联盟dataoke.com
92692240a423e548082ed1bd2172be95	男	26	热舞韩国主播丝袜诱惑高清直播
410201d1f176fc6d115b399a07ce6bed	男	25	人才引进
ea32a122a2fc516597b13b6ce85db349	男	27	人猝死前身体发出两个救命信号，一定要清楚，关键时刻救命！
0731a094a0c7ecd30a92363398315c38	男	25	任然 - 山外小楼夜听雨
3621a9ae9aedfa73de5d3fdef98bc058	男	27	任素汐 - 我要你
16825eb6d908c2c82db2129935b34859	男	25	任重
4e0d2322ec361efc35d837ad17d486ce	男	26	日本料理
de9dd5f7e36de28c3dfe846c6ce2bff0	男	27	日本欧美群交电影 - 九色腾只为高清而生
4e0d2322ec361efc35d837ad17d486ce	男	26	"如此态度说话, 哪个男的能受得了"
ef4c88a7d4104162ddf1cdbe6e1cefc6	男	27	如何防范通讯网络诈骗
4e9a7196b57228a97653cd27cc6d9da2	男	27	锐利进取 志在篮下——篮球社
54b13262ce935955117ce09b70c0d1b9	男	26	撒贝宁见岳母被“嫌弃”：中国没其他男人?
54b13262ce935955117ce09b70c0d1b9	男	26	撒贝宁见岳母被“嫌弃”：中国没其他男人了吗_手机凤凰网
7051ca1ab7efd1f48292e5c997ea7d71	男	25	"三生三世,金刚狼,大唐荣耀,绝版情侣气泡,爱乐之城,年费专区,情侣气泡"
7d912c1f4220c3fd86d28bcf9cef7314	男	27	三生三世十里紫荆花｜广州最美花海在华农
54b13262ce935955117ce09b70c0d1b9	男	26	三星集团宣布解体-军事畅谈-超级大本营军事论?
c706c78b75af69ee786afd7b83ead84b	男	25	厦门 → 珠海
c706c78b75af69ee786afd7b83ead84b	男	25	厦门-珠海
3db86203a91a20fc2ca1388707ab87e6	男	27	山湖海 花园
308863a12870de46cb3d22b60450f056	男	27	山姆
0731a094a0c7ecd30a92363398315c38	男	25	山外小楼夜听雨
54b13262ce935955117ce09b70c0d1b9	男	26	上海等14城房价终于涨不动了 买房的好时机到了？ - 上海乐居网
c33091067b39340f3dfb4ff9477e2a08	男	25	上海共享单车被扣
2c1d96d37778acbdada27cf725726021	男	25	上海共享单车遇阻 4000辆被扣停车场
0d0163e96c8cfef131ac30c2bcc1ee3d	男	26	上课敢这样玩，没被打死那一定是上辈子修来的福气！
cb57d6858e3e2a39ae151cae152fd830	男	25	社会
91bc3ae4fa06c77974d2b9f45abfe91f	男	26	社会
308863a12870de46cb3d22b60450f056	男	27	社会
9dd9e60fddc51efc6a51b6b1c9ef0a8a	男	27	社会
4b58a9f8fad069df441f3ef912e134d8	男	26	社会保障号
224cbde15202303dc4c9f6a8475f57ab	男	26	深夜大消息！关于房地产、金融、就业…中央释放重要信号！
3b4dd9db2ebd3d1572cd55db77bc1a56	男	27	"深夜撩骚,李光洙的午夜场"
54b13262ce935955117ce09b70c0d1b9	男	26	深圳两条小黄鱼吃掉顾客4628
410201d1f176fc6d115b399a07ce6bed	男	25	深圳一知名餐饮连锁公司陷破产风波 政府部门介入调查
3b4dd9db2ebd3d1572cd55db77bc1a56	男	27	神印王座-章节 第二章 神秘的新教官（二） - 三五中文网手机版
3b4dd9db2ebd3d1572cd55db77bc1a56	男	27	神印王座-章节 第六十八章 魔神之陨 - 三五中文网手机版
3b4dd9db2ebd3d1572cd55db77bc1a56	男	27	神印王座-章节 第六十八章 魔神之陨（上） - 三五中文网手机版
3b4dd9db2ebd3d1572cd55db77bc1a56	男	27	神印王座-章节 第六十八章 魔神之陨（下） - 三五中文网手机版
3b4dd9db2ebd3d1572cd55db77bc1a56	男	27	神印王座-章节 第六十九章 复明！采儿的轮回 - 三五中文网手机版
3b4dd9db2ebd3d1572cd55db77bc1a56	男	27	神印王座-章节 第七十二章 绝境！禁咒！（上） - 三五中文网手机版
3b4dd9db2ebd3d1572cd55db77bc1a56	男	27	神印王座-章节 第七十一章 月夜商团（上） - 三五中文网手机版
3b4dd9db2ebd3d1572cd55db77bc1a56	男	27	神印王座-章节 第七十一章 月夜商团（下） - 三五中文网手机版
3b4dd9db2ebd3d1572cd55db77bc1a56	男	27	神印王座-章节 第七十一章 月夜商团（中） - 三五中文网手机版
3b4dd9db2ebd3d1572cd55db77bc1a56	男	27	神印王座-章节 第七十章 我们是冠军！（5
3b4dd9db2ebd3d1572cd55db77bc1a56	男	27	神印王座-章节 第七十章 我们是冠军（中） - 三五中文网手机版
3b4dd9db2ebd3d1572cd55db77bc1a56	男	27	神印王座-章节 第一章 侍从骑士考核（二） - 三五中文网手机版
3b4dd9db2ebd3d1572cd55db77bc1a56	男	27	神印王座-章节 第一章 侍从骑士考核（四）（求推荐票） - 三五中文网手机版
3b4dd9db2ebd3d1572cd55db77bc1a56	男	27	神印王座最新章节
7c41dcd2ae87c7af68ff0e384cf667d4	男	27	神州专车企业用车 充100
8b519db662db93dbd86649da1a90e509	男	27	肾阳虚 早泄
75b4dc12d8ce75f75b9b16b659f70328	男	27	生活服务
80050bc8569810fd9b7376ea9ed4d1e8	男	27	圣玛丽亚大学
4e9a7196b57228a97653cd27cc6d9da2	男	27	师资团队
8b519db662db93dbd86649da1a90e509	男	27	石头还是那个硬汉，王诗龄依旧胖胖的，只有诺一终于挽回了
6226d0867327fb2fdf207dca2425ba91	男	26	时光机
16825eb6d908c2c82db2129935b34859	男	25	时间的漩涡
9dd9e60fddc51efc6a51b6b1c9ef0a8a	男	27	时尚
82ebfd3e6579d87ca716137935b5bb8e	男	26	世界各地最荒唐的法律，连放屁都犯罪？
3db86203a91a20fc2ca1388707ab87e6	男	27	视觉中国
5d9ab2045677c13b3082d3d61380844b	男	26	释放激?
54b13262ce935955117ce09b70c0d1b9	男	26	手机鳳凰網
7051ca1ab7efd1f48292e5c997ea7d71	男	25	数据线 安卓
c706c78b75af69ee786afd7b83ead84b	男	25	刷爆朋友圈嘅一个奇葩游戏，睇20次，笑足20次…..
0731a094a0c7ecd30a92363398315c38	男	25	双笙 - 腐草为萤
9c713a60bd820e86a1615b787301b443	男	27	顺丰控股连续四日涨停
4f7514432edca7023e7eb7831688db4a	男	25	顺丰速运
6226d0867327fb2fdf207dca2425ba91	男	26	顺丰速运
a8c1d22ccb3f98cbd04d46e7759fd66e	男	25	说谎
0d0163e96c8cfef131ac30c2bcc1ee3d	男	26	说了多少次了！没能力就不要轻易学人装逼！
4a36d5563023e7318a7fcfb4e1380d53	男	26	司徒修齐
4e0d2322ec361efc35d837ad17d486ce	男	26	四川一教师备锤子要求学生自己砸手机 砸后点赞“真爷们”
0f789ec0d65add3baf47f891e4f0c6b7	男	27	四川一教师备锤子要求学生自己砸手机 砸后点赞“真爷们”
43551382a13efd1b475aaf3dee618953	男	27	苏宁易购：小米手机品牌惠-苏宁易购手机频道
c6c1e1c5e017e104a842d2a4e6c7d4f2	男	25	苏宁自营
6f4ecce6c865591bb825181c8546c37d	男	27	所有的“养生”都是徒劳的？ 看后不再纠结了……
91bc3ae4fa06c77974d2b9f45abfe91f	男	26	所有有工商银行、建行、农行卡的，今天开始大家一定要注意了！
16825eb6d908c2c82db2129935b34859	男	25	他曾被誉为小鲨鱼 拜纳姆称霸篮下大合辑
8b519db662db93dbd86649da1a90e509	男	27	她贵为皇后，丈夫死后，却被儿子强娶为妻，最后被儿子羞辱
5d9ab2045677c13b3082d3d61380844b	男	26	太不科?
c77110bdbc19bc19aa6813bac474ee27	男	26	太平洋财险金融云
0731a094a0c7ecd30a92363398315c38	男	25	檀烧 -
6c97392f76f1429874045da54f075803	男	25	淘巴?
6c97392f76f1429874045da54f075803	男	25	淘巴士
a731ec7b1205fb6b2a25181a192dec9f	男	25	淘宝买鞋
c77110bdbc19bc19aa6813bac474ee27	男	26	套餐使用情况
d224747a64174cbb5050fc3e966c4e02	男	25	提示信息
8b519db662db93dbd86649da1a90e509	男	27	"体坛五大著名负心男, 抛弃?"
80050bc8569810fd9b7376ea9ed4d1e8	男	27	体育
7271b1ddb338b326dbcebe243057002f	男	26	体育首页
f1fca7a8d1c1328c1cd6c337953e5363	男	26	体育首页
4c6ec7521462d1f784cd25536b8d1c2b	男	25	天河区中山大道西191
bfda302a52011a86e3eaefaff919d010	男	27	天河区中山大道西191
ea32a122a2fc516597b13b6ce85db349	男	27	天呐！她突然发现内裤变硬、泛黄，居然是因为这些......
c33091067b39340f3dfb4ff9477e2a08	男	25	天气预报引新主播
0d0163e96c8cfef131ac30c2bcc1ee3d	男	26	挑战
6c97392f76f1429874045da54f075803	男	25	贴吧校园-开学季活动
a77f4225e51d27f0831aae2d4cde508a	男	27	"停播韩剧封杀韩国艺人系报复""萨德""?外交部发言人:我从不看"
fb30012522cac7a7be8755f0bf48882f	男	26	通讯服务剩余用量
c706c78b75af69ee786afd7b83ead84b	男	25	同程旅游
9fff707c77e487a8ffa2d5cf766c254e	男	27	"佟丽娅,陈思诚"
5d9ab2045677c13b3082d3d61380844b	男	26	佟丽娅潮装秀美腿 双手空空不见婚戒【一点资讯】
8b519db662db93dbd86649da1a90e509	男	27	佟丽娅陈思诚，你俩终于离婚 ！“张译”你的机会来了！
9fff707c77e487a8ffa2d5cf766c254e	男	27	佟丽娅现身机场大方与粉丝合影 她这一举动表明了对陈思诚的态度
f1fca7a8d1c1328c1cd6c337953e5363	男	26	童颜巨乳！日本胸部最大的AV女优排行榜 篠崎爱赢了_股城热点
82ebfd3e6579d87ca716137935b5bb8e	男	26	透支自己的俗人
c33091067b39340f3dfb4ff9477e2a08	男	25	徒步470公里返校
1f90f3fba5d4155141f57bc988bfc08e	男	25	推荐
75b4dc12d8ce75f75b9b16b659f70328	男	27	推荐
0d0163e96c8cfef131ac30c2bcc1ee3d	男	26	腿短是个病，痛起来真要命！
9ecf2877c801e4cb68e478d8ecf5f1ed	男	25	外媒:外国球星来华变皇帝 俱乐部花数亿只为面子-
54b13262ce935955117ce09b70c0d1b9	男	26	王思聪认领熊猫示爱张小蒙_手机新浪网
80050bc8569810fd9b7376ea9ed4d1e8	男	27	王卫身家1800亿超马化腾 距首富差两个涨停_中国经济网
9164eec59a2b597d1d1d286feb0cbfb0	男	27	网络歌手 - 魔兽老了
ace10b6d9f92a2d7e92b621ee93835d0	男	27	网申建行成功，一般多久制卡成功并邮寄？ - 建行信用卡专区 - 信用卡论坛-我爱卡会员社区-中国?
d224747a64174cbb5050fc3e966c4e02	男	25	网事杂谈
cb6ebbdc741ca0c26b05deeb7a0adb03	男	27	网易体育
3db86203a91a20fc2ca1388707ab87e6	男	27	网易娱乐
cb6ebbdc741ca0c26b05deeb7a0adb03	男	27	网易娱乐
4c380deb500aa973ceaeb330e2964d71	男	25	微信
4c380deb500aa973ceaeb330e2964d71	男	25	微信
91bc3ae4fa06c77974d2b9f45abfe91f	男	26	微信聊天“新”功能，你竟不知道？
8b519db662db93dbd86649da1a90e509	男	27	韦德老婆爆料韦德爆发的原?
633e58e01a450437d26ed9a63b7864dd	男	27	为人子女，这些养老保险知识你都知道吗？
c77110bdbc19bc19aa6813bac474ee27	男	26	为什么要改装？看这辆乞丐版昂克赛拉的进化史你就懂了！
9164eec59a2b597d1d1d286feb0cbfb0	男	27	卫兰 - 他不惯被爱
3b4dd9db2ebd3d1572cd55db77bc1a56	男	27	"未曝光的隐藏拍摄,这才是周一情侣"
a821e8d897eac90f62c49dceadb419bf	男	25	魏新雨 - 恋人心
c33091067b39340f3dfb4ff9477e2a08	男	25	汶川女孩卖菜寻亲
0d0163e96c8cfef131ac30c2bcc1ee3d	男	26	我敢打赌！这设施给你二十万你都不敢玩！
79ceda450728c2ec023643836c157829	男	25	我又不是
79ceda450728c2ec023643836c157829	男	25	我在找个
8b519db662db93dbd86649da1a90e509	男	27	我早泄是肾阳虚引起的吗    早泄<br>发病时间及原因:17岁就有过手淫的习惯
8b519db662db93dbd86649da1a90e509	男	27	我早泄是肾阳虚引起的吗 _快速问医生_免费咨询
a4d2dbba53f2063149a0d55ea7b8711d	男	26	无法忍受一堆细管唇膏芯堆在那，终于没忍住买了CPB唇膏管
a4d2dbba53f2063149a0d55ea7b8711d	男	26	无线中心
3bb7ba1a75275c63e395a0da46b3ab78	男	25	吴若希 - 错过了
9164eec59a2b597d1d1d286feb0cbfb0	男	27	吴若希 - 美好的时光
3bb7ba1a75275c63e395a0da46b3ab78	男	25	吴若希 - 眼泪的秘密
a77f4225e51d27f0831aae2d4cde508a	男	27	吴卓羲 傅嘉莉 吴卓羲打脸
82ebfd3e6579d87ca716137935b5bb8e	男	26	西安艺文志丨3月演出展览指南
54b13262ce935955117ce09b70c0d1b9	男	26	西甲人人喊冤:无良裁判
1f90f3fba5d4155141f57bc988bfc08e	男	25	西埔市场
82ebfd3e6579d87ca716137935b5bb8e	男	26	"吸烟前只需一招,你的肺可年轻10岁！"
7d912c1f4220c3fd86d28bcf9cef7314	男	27	系统消息：陈伯健关注了你
670f9d6d0b4837ffba19f02c370da8e6	男	25	虾片
670f9d6d0b4837ffba19f02c370da8e6	男	25	虾山村
5d9ab2045677c13b3082d3d61380844b	男	26	夏天alex、崔子格 - 不再联系 -
a821e8d897eac90f62c49dceadb419bf	男	25	夏婉安 - 一个人
9c713a60bd820e86a1615b787301b443	男	27	现在知道还不晚，这些都是网速变慢的原因！
f1fca7a8d1c1328c1cd6c337953e5363	男	26	献上膝盖
edcbec02bad1d9e70990201c64c47d8b	男	25	香华路198号邮编 - 百度
0731a094a0c7ecd30a92363398315c38	男	25	香香 - 就算没有如果
a731ac8afae0863f57ac0ba7008e98ec	男	25	香洲百货女人街
de9dd5f7e36de28c3dfe846c6ce2bff0	男	27	香洲区.梅华街道.兴柠街
4e9a7196b57228a97653cd27cc6d9da2	男	27	香洲区南屏东桥茂丰路1
fb30012522cac7a7be8755f0bf48882f	男	26	消息
224cbde15202303dc4c9f6a8475f57ab	男	26	消息中心
a821e8d897eac90f62c49dceadb419bf	男	25	萧敬腾 - 会痛的石头
33c4b9add943c956b835d32aa3ad1200	男	25	萧山区.塘新线/城红线(路口)
33c4b9add943c956b835d32aa3ad1200	男	25	萧山区红山大道177
5d9ab2045677c13b3082d3d61380844b	男	26	"小伙把五菱宏光改成这样, 全村姑娘想嫁他【一点资讯】"
5d9ab2045677c13b3082d3d61380844b	男	26	小伙开超跑飙车发生意外，其父亲赶到现场后脸都绿了【一?
0f789ec0d65add3baf47f891e4f0c6b7	男	27	小伙在水塘里?
43551382a13efd1b475aaf3dee618953	男	27	小米开发者站
f1fca7a8d1c1328c1cd6c337953e5363	男	26	小米平板3即将面世: 9.7寸屏幕、8G运存、内置8290mAh电池
bfda302a52011a86e3eaefaff919d010	男	27	小年
224cbde15202303dc4c9f6a8475f57ab	男	26	小区历史成交
7271b1ddb338b326dbcebe243057002f	男	26	小说
0f789ec0d65add3baf47f891e4f0c6b7	男	27	小学
9164eec59a2b597d1d1d286feb0cbfb0	男	27	小雪、林汉洋 - 其实我介意
75b4dc12d8ce75f75b9b16b659f70328	男	27	邪王追妻:废材逆天小姐
75b4dc12d8ce75f75b9b16b659f70328	男	27	邪王追妻：废材逆天小姐
224cbde15202303dc4c9f6a8475f57ab	男	26	新房楼盘
a4d2dbba53f2063149a0d55ea7b8711d	男	26	新加坡花园第一期-
82ebfd3e6579d87ca716137935b5bb8e	男	26	新疆为什么不包邮？看了你就知道了
54b13262ce935955117ce09b70c0d1b9	男	26	新浪
7af8cd4f50f8b8ccb03d5fc5ea92c460	男	27	新浪广东-手机新浪网
54b13262ce935955117ce09b70c0d1b9	男	26	新闻
7271b1ddb338b326dbcebe243057002f	男	26	新闻首页
f1fca7a8d1c1328c1cd6c337953e5363	男	26	新闻首页
f1fca7a8d1c1328c1cd6c337953e5363	男	26	新闻中心
80050bc8569810fd9b7376ea9ed4d1e8	男	27	新闻中心
cb6ebbdc741ca0c26b05deeb7a0adb03	男	27	新氧App
a77f4225e51d27f0831aae2d4cde508a	男	27	信号丢失(LOS
308863a12870de46cb3d22b60450f056	男	27	星座酒店
308863a12870de46cb3d22b60450f056	男	27	星座主题酒店(珠海
9ecf2877c801e4cb68e478d8ecf5f1ed	男	25	性感美胸美女茉莉诱?
9ecf2877c801e4cb68e478d8ecf5f1ed	男	25	性感美胸美女茉莉诱惑私房写真2
a731ec7b1205fb6b2a25181a192dec9f	男	25	徐留洋的 iPhone
4c6ec7521462d1f784cd25536b8d1c2b	男	25	许文轩
5d9ab2045677c13b3082d3d61380844b	男	26	许志安、郑秀文 - 其实你心里有没有我 -
4a36d5563023e7318a7fcfb4e1380d53	男	26	轩辕剑3手游版
54b13262ce935955117ce09b70c0d1b9	男	26	"薛佳凝晒照隔空呼叫胡歌, 网友: 老胡结婚?"
54b13262ce935955117ce09b70c0d1b9	男	26	"薛佳凝晒照隔空呼叫胡歌, 网友: 老胡结婚新娘不是你我就去抢婚"
f1fca7a8d1c1328c1cd6c337953e5363	男	26	学生带平板电脑到学校玩耍 被学校没收后销毁
dddf90c899a7e8929b2dbe91cb6894f3	男	25	寻找前世之旅
9ecf2877c801e4cb68e478d8ecf5f1ed	男	25	亚冠-阿兰救主高拉特世界波 恒大2-2客平水原
f1fca7a8d1c1328c1cd6c337953e5363	男	26	亚冠-高拉特阿兰连入世界波 恒大2度落后2-2水原-
9ecf2877c801e4cb68e478d8ecf5f1ed	男	25	亚冠-胡尔克造4球奥斯卡埃神破门 上港5-1西悉尼-
6226d0867327fb2fdf207dca2425ba91	男	26	"亚冠小组赛第2轮 水原三星vs广州恒大 - 聚力手机视频站 - 聚力视频,一起玩出精彩"
0731a094a0c7ecd30a92363398315c38	男	25	杨宗纬、张碧晨 - 凉凉
cb57d6858e3e2a39ae151cae152fd830	男	25	洋葱新闻: 第一网红家暴被虐 百万假胸被打爆
582e86953025fdefbc648b2c87fc35be	男	25	仰卧起坐做多少个才有效果
7c41dcd2ae87c7af68ff0e384cf667d4	男	27	邀您体验澳洲移民、投资一站式服务。
224cbde15202303dc4c9f6a8475f57ab	男	26	业务办理
82ebfd3e6579d87ca716137935b5bb8e	男	26	一方水土养一方人-云南
410201d1f176fc6d115b399a07ce6bed	男	25	一个吹风机能顶10个老中医！只用来吹头太浪费了……
a821e8d897eac90f62c49dceadb419bf	男	25	一个人
1daffc95a04afd917d97ae55f4807fb3	男	27	一级平台广告
a8c1d22ccb3f98cbd04d46e7759fd66e	男	25	一男子去澳门赌输后回到珠海想不开，在酒店用这种方式这样自杀，结果...
7449fdb0ee38549ac58c4808236ab57a	男	27	一念永恒最新章节_一念永恒无弹窗_笔趣阁
ace10b6d9f92a2d7e92b621ee93835d0	男	27	一小时八公里
7051ca1ab7efd1f48292e5c997ea7d71	男	25	一叶子
c706c78b75af69ee786afd7b83ead84b	男	25	一张图看懂3月珠海这些区域置业成本
0731a094a0c7ecd30a92363398315c38	男	25	以冬 - 造梦者
9164eec59a2b597d1d1d286feb0cbfb0	男	27	艺涛、梁剑东 - 夜色
3b4dd9db2ebd3d1572cd55db77bc1a56	男	27	易信，最新流行聊天社交APP
3b4dd9db2ebd3d1572cd55db77bc1a56	男	27	易信影视
410201d1f176fc6d115b399a07ce6bed	男	25	因忽略行驶证上一个数字，小车无法年审！还被罚款扣分！很多人中招！
9164eec59a2b597d1d1d286feb0cbfb0	男	27	音美 - 小幸运
22c2af76141b86299ed660ae834ac51d	男	27	银行可以开个人征信报告吗
22c2af76141b86299ed660ae834ac51d	男	27	银行可以随意查询个人信用报告吗-好贷网
0731a094a0c7ecd30a92363398315c38	男	25	银临 - 锦鲤抄
0731a094a0c7ecd30a92363398315c38	男	25	银临 Aki阿杰 - 牵丝戏
de9dd5f7e36de28c3dfe846c6ce2bff0	男	27	淫乱群交聚会集锦 - 日本欧美群交电影 - 九色腾只为高清而生
dddf90c899a7e8929b2dbe91cb6894f3	男	25	英国第一批脱衣舞女郎：总是裸露，但从不粗俗
3bb7ba1a75275c63e395a0da46b3ab78	男	25	应用下载
8b519db662db93dbd86649da1a90e509	男	27	雍正十四弟下场 雍正十四弟是谁
9164eec59a2b597d1d1d286feb0cbfb0	男	27	永遠?守??
9164eec59a2b597d1d1d286feb0cbfb0	男	27	永遠?守?護你?
e84df8de837b66b65573977fd588de9a	男	25	勇士鹰
4e9a7196b57228a97653cd27cc6d9da2	男	27	邮政银行
cb57d6858e3e2a39ae151cae152fd830	男	25	游戏
6226d0867327fb2fdf207dca2425ba91	男	26	游戏
0f789ec0d65add3baf47f891e4f0c6b7	男	27	游戏
6c97392f76f1429874045da54f075803	男	25	右侧入口-我的应用
a821e8d897eac90f62c49dceadb419bf	男	25	于博雅 - 太迟
ed20ecd49a7decb2460a1bae4cd30ff4	男	26	于天龙 - 爱不是不爱的理由
f46bcc134530ed58c0e8da682ca59c0e	男	26	余文乐 - 司机 (下一站天后 插曲)
edcbec02bad1d9e70990201c64c47d8b	男	25	渝中区2017年一季度面向社会公开招聘教育事业单位工作人员简章
0731a094a0c7ecd30a92363398315c38	男	25	郁可唯 - 思慕
08d31232d62c6115ec8ce44a9a57e4fb	男	25	御温泉
0d0163e96c8cfef131ac30c2bcc1ee3d	男	26	原来你爱上了Ta？好重口啊！
9fff707c77e487a8ffa2d5cf766c254e	男	27	原来是场疯
0f789ec0d65add3baf47f891e4f0c6b7	男	27	圆明小学 珠海市
9bc6c2b49a5831e1d1f946fd04b2c6f2	男	27	圆明新园
8b519db662db93dbd86649da1a90e509	男	27	远程服务器无响应31000
79ceda450728c2ec023643836c157829	男	25	远景X1
79ceda450728c2ec023643836c157829	男	25	远景X1|远景x1
16825eb6d908c2c82db2129935b34859	男	25	约定的永远 樊凡
cb57d6858e3e2a39ae151cae152fd830	男	25	月球离我们这么近，我们却不知道月球还有7大未解之谜
6bc8d360246d34f6733f476b24da59cb	男	26	月悦刷
f1fca7a8d1c1328c1cd6c337953e5363	男	26	岳云鹏买了5套房子 但是房主却是5
9dd9e60fddc51efc6a51b6b1c9ef0a8a	男	27	云南“强制结扎”事件启动问责 当事人: 有领导私下道歉
de9dd5f7e36de28c3dfe846c6ce2bff0	男	27	孕妇电影 - 九色腾只为高清而生
a731ac8afae0863f57ac0ba7008e98ec	男	25	再见，余额宝！
54b13262ce935955117ce09b70c0d1b9	男	26	在日研修生:来之前以为是天堂_手机新浪网
0d0163e96c8cfef131ac30c2bcc1ee3d	男	26	在线充值
1a2727b746f599a46177ee41aa7b960f	男	26	在线观看《喜爱夜蒲3》高清 -流量君电影
54b13262ce935955117ce09b70c0d1b9	男	26	在一个被熊和鲸鱼包围的岛屿上生活_手机凤凰网
a821e8d897eac90f62c49dceadb419bf	男	25	咱们结婚吧
79ceda450728c2ec023643836c157829	男	25	怎么说
91bc3ae4fa06c77974d2b9f45abfe91f	男	26	炸薯条
f46bcc134530ed58c0e8da682ca59c0e	男	26	湛江Dj乌鸦-全英文House音乐FriendShip家族鸟语电音旋律串烧_清风...
f46bcc134530ed58c0e8da682ca59c0e	男	26	湛江Dj乌鸦-全英文House音乐FriendShip家族鸟语电音旋律串烧_清风DJ移动版
4e38cd5e73336cd3ded2f23ebd3e5538	男	27	湛江Dj乌鸦-全英文House音乐FriendShip家族鸟语电音旋律串烧_清风DJ移动版
a821e8d897eac90f62c49dceadb419bf	男	25	张敬轩
9164eec59a2b597d1d1d286feb0cbfb0	男	27	张敬轩 - 断点 -
5d9ab2045677c13b3082d3d61380844b	男	26	张宇 - 雨一直下 -
f46bcc134530ed58c0e8da682ca59c0e	男	26	张智霖 - 天梯
9ecf2877c801e4cb68e478d8ecf5f1ed	男	25	张梓琳的女儿不满一岁就这么美 长大了还得了-
7ec9d0471986434d1161236706cfba99	男	26	长镜头
dddf90c899a7e8929b2dbe91cb6894f3	男	25	这大概是史上最贱的游戏了！
1f90f3fba5d4155141f57bc988bfc08e	男	25	这就是剩女们的择偶标准？
5d9ab2045677c13b3082d3d61380844b	男	26	"这可能是世界上最硬的车, 大卡车都撞不坏它，安全系数超级"
5d9ab2045677c13b3082d3d61380844b	男	26	这哪是钓鱼，是钓猪吧！【一点资讯】
8b519db662db93dbd86649da1a90e509	男	27	这位40岁的肥大叔健身365天后，刷爆了朋友圈....
5d9ab2045677c13b3082d3d61380844b	男	26	这位新郎真耿直啊，说走就走了【一点资讯】
633e58e01a450437d26ed9a63b7864dd	男	27	这些漂移可以吹一辈子了！太帅！
3584a31cae07c922a5681418b770cccf	男	26	这样的?
0d0163e96c8cfef131ac30c2bcc1ee3d	男	26	这样的图片看多了，是个男人都会把持不住！
3db86203a91a20fc2ca1388707ab87e6	男	27	着迷玩霸
16825eb6d908c2c82db2129935b34859	男	25	真房网 - 新香洲 - 春晖花园 -
16825eb6d908c2c82db2129935b34859	男	25	真房网 - 新香洲 - 日苑 -
0731a094a0c7ecd30a92363398315c38	男	25	枕上书
7ec9d0471986434d1161236706cfba99	男	26	阵雨
c77110bdbc19bc19aa6813bac474ee27	男	26	阵雨
a731ec7b1205fb6b2a25181a192dec9f	男	25	正在播放有声小说_特种兵在都市在线收听-520听书网-520tingshu.co...
a731ec7b1205fb6b2a25181a192dec9f	男	25	正在播放有声小说_特种兵在都市在线收听-520听书网-520tingshu.com
633e58e01a450437d26ed9a63b7864dd	男	27	郑人豪拟任湛江市委书记 李泽中拟提名为珠海市长候选人
3b4dd9db2ebd3d1572cd55db77bc1a56	男	27	郑人豪拟任湛江市委书记，回顾他在珠海的这些日子！
308863a12870de46cb3d22b60450f056	男	27	政企首页
9ecf2877c801e4cb68e478d8ecf5f1ed	男	25	直击人社部发布会：谈就业和社会保障有关情况
4e9a7196b57228a97653cd27cc6d9da2	男	27	职教春风吹不断 再接再厉创新峰——市教育局领导莅临我院参观指导
79ceda450728c2ec023643836c157829	男	25	志炫
edcbec02bad1d9e70990201c64c47d8b	男	25	志愿者评选活动圆满落下帷幕
79ceda450728c2ec023643836c157829	男	25	致炫
2396e8ef017258fd53e8dcf92c71e2a8	男	25	中国
cb57d6858e3e2a39ae151cae152fd830	男	25	中国嫦娥二号拍到月球巨型飞船揭开登月谎言 美国慌了
6c97392f76f1429874045da54f075803	男	25	中国低龄留学“痛点”及解决方案-搜狐
6c97392f76f1429874045da54f075803	男	25	中国家庭现低龄留学热 留学消费向工薪家庭延伸-新华网;http
7ec9d0471986434d1161236706cfba99	男	26	中国建设银行
ec08829fdb29d0514eb99b328322523e	男	27	中国人民财产保险股份有限公司珠海分公司 首页
ec08829fdb29d0514eb99b328322523e	男	27	中国人民财产保险股份有限公司珠海分公司|中国人民财产保险股份有限公司?
ec08829fdb29d0514eb99b328322523e	男	27	中国人民财产保险股份有限公司珠海分公司|中国人民财产保险股份有限公司珠海?
ec08829fdb29d0514eb99b328322523e	男	27	中国人民财产保险股份有限公司珠海分公司|中国人民财产保险股份有限公司珠海分公司网站
ec08829fdb29d0514eb99b328322523e	男	27	中国人民财产保险股份有限公司珠海分公司-首页
c77110bdbc19bc19aa6813bac474ee27	男	26	中国人寿大厦
54b13262ce935955117ce09b70c0d1b9	男	26	中国新超算天河三号运算能力百亿亿次 突破关?
582e86953025fdefbc648b2c87fc35be	男	25	中建
224cbde15202303dc4c9f6a8475f57ab	男	26	"中山房产网,中山房地产信息网，中山二手房,新房，租房-中山安居客"
224cbde15202303dc4c9f6a8475f57ab	男	26	"中山房产网,最新房价,二手房,新房,小区,出租,楼盘,楼市-中山Q"
582e86953025fdefbc648b2c87fc35be	男	25	中铁和中铁建
582e86953025fdefbc648b2c87fc35be	男	25	中铁建
3db86203a91a20fc2ca1388707ab87e6	男	27	中新网
cb6ebbdc741ca0c26b05deeb7a0adb03	男	27	中新网
670f9d6d0b4837ffba19f02c370da8e6	男	25	中兴天机7Android
cb6ebbdc741ca0c26b05deeb7a0adb03	男	27	中央
5d9ab2045677c13b3082d3d61380844b	男	26	重磅！共享汽车终于来珠海了！！没买车只要有驾照你就有车开了
c706c78b75af69ee786afd7b83ead84b	男	25	重磅！厦门重启保障性商品房！比市场价优惠55%，这些人都能申请……
5d9ab2045677c13b3082d3d61380844b	男	26	重庆··?
edcbec02bad1d9e70990201c64c47d8b	男	25	重庆人力资源和社会保障网，重庆人事考试网，重庆公务员?
edcbec02bad1d9e70990201c64c47d8b	男	25	重庆人力资源和社会保障网，重庆人事考试网，重庆公务员考试网，重庆事?
edcbec02bad1d9e70990201c64c47d8b	男	25	重庆人力资源和社会保障网，重庆人事考试网，重庆公务员考试网，重庆事业单位考试网，...
edcbec02bad1d9e70990201c64c47d8b	男	25	重庆人力资源和社会保障网，重庆人事考试网，重庆公务员考试网，重庆事业单位考试网，重
a8c1d22ccb3f98cbd04d46e7759fd66e	男	25	周柏豪 - 只有一事不成全你 - 铃声
c77110bdbc19bc19aa6813bac474ee27	男	26	珠海、中山所有业主都震惊了！这个小区物业费十年未涨、三年还赚了五六百万！
224cbde15202303dc4c9f6a8475f57ab	男	26	"珠海2017二手房,房价多少,房产信息网,房屋买卖-珠海Q房网"
16825eb6d908c2c82db2129935b34859	男	25	珠海电信钜惠星期三
a8c1d22ccb3f98cbd04d46e7759fd66e	男	25	珠海红旗小林发生致命交通意外，男子骑摩托车竟被电动自行车撞死！交警仅凭番石榴破案...
ea32a122a2fc516597b13b6ce85db349	男	27	珠海红旗小林清晨发生致命交通意外，男子骑摩托车竟被电动自行车当场撞死...
f1fca7a8d1c1328c1cd6c337953e5363	男	26	珠海取消积分入户政策 以后通过这些方式可落户
1b73ea82f201274cf40fe41bb900a69d	男	26	珠海市公安局dm
1b73ea82f201274cf40fe41bb900a69d	男	26	珠海市公安局doum
1b73ea82f201274cf40fe41bb900a69d	男	26	珠海市公安局ent
1b73ea82f201274cf40fe41bb900a69d	男	26	珠海市公安局斗门dd
1b73ea82f201274cf40fe41bb900a69d	男	26	珠海市公安局斗门dem
1b73ea82f201274cf40fe41bb900a69d	男	26	珠海市公安局斗门fenj
1b73ea82f201274cf40fe41bb900a69d	男	26	珠海市公安局斗门分局
0177c76402ca9065d2e2156b825aa92c	男	25	珠海市公安局招聘财会岗位合同制职员
4b58a9f8fad069df441f3ef912e134d8	男	26	珠海市人力资源和社会保障局上服务平台
a77f4225e51d27f0831aae2d4cde508a	男	27	珠海新市长候选人确定了！他是个70后干部！
c77110bdbc19bc19aa6813bac474ee27	男	26	珠海中小企业迎重大利好！珠海中行刚刚出手破解一道“大难题”！
5d9ab2045677c13b3082d3d61380844b	男	26	主软件_Android
0693bf4381b2c85dab53cae5205d7b9d	男	27	主软件_iOS
80050bc8569810fd9b7376ea9ed4d1e8	男	27	主软件_iOS
9164eec59a2b597d1d1d286feb0cbfb0	男	27	庄心妍、祁隆 - 一万个舍不得(DJAlex.x
9ecf2877c801e4cb68e478d8ecf5f1ed	男	25	资讯
edcbec02bad1d9e70990201c64c47d8b	男	25	自行车后面红色闪光灯 - 百度
edcbec02bad1d9e70990201c64c47d8b	男	25	自行车后面闪光灯 - 百度
1dee92bdaf93f9a4aea068f9db7ae0ad	男	25	最低工资标准上涨
e84df8de837b66b65573977fd588de9a	男	25	最强吐槽
e84df8de837b66b65573977fd588de9a	男	25	最新纪实电影视频在线观看_电影 频道索引列表_PPTV聚力-始终和你同一频道
e84df8de837b66b65573977fd588de9a	男	25	最新明星电影视频在线观看_电影 频道索引列表_PPTV聚力-始终和你同一频道
dddf90c899a7e8929b2dbe91cb6894f3	男	25	最右 - 就是不正经
ec08829fdb29d0514eb99b328322523e	男	27	罪人发露忏悔－－学佛网
5d9ab2045677c13b3082d3d61380844b	男	26	作死也是分等级的，这算是高级的了吧？【一点资讯】
8b519db662db93dbd86649da1a90e509	男	27	做网红真的能月入几十万吗?
e1ae0caab0425ad7e652ea13bdb1368c	男	25	【一点资讯】中央财经领导小组会议 释放了三点重磅信号
e1ae0caab0425ad7e652ea13bdb1368c	男	25	【一点资讯】中央财经领导小组会议 释放了三点重磅信号
e07290f46f4376c38ba20b8c29051985	男	24	前台模块
843205d6dcb12dfd2ba7ba7d5a005b88	男	25	前台模块
a64f6cde9b9f534ae09fa176609570c2	男	25	前台模块